Workbook
Name WebWps_Form: 报名表!$A$1:$M$123
Name WebWps_Form: #REF!
Name WebWps_Form: #REF!
Name WebWps_Form: #REF!
Name WebWps_Form: #REF!
Name WebWps_Form: #REF!
Name WebWps_Form: #REF!

Sheet 转会市场
A1: 2024年第二届梦幻联赛转会市场
A2: 队伍名称 | B2: 队伍资金 | C2: 剩余资金（单位：W） | D2: 账户状态 | E2: 队长名
A3: 【CbHz】吃饱喝足就是玩 | B3: ='队伍收入状况 '!D2 -> 2250 | C3: =B3-SUMIFS(交易历史!B:B,交易历史!C:C,A3,交易历史!E:E,"首轮交易")+SUMIFS(交易历史!B:B,交易历史!D:D,A3,交易历史!E:E,"首轮交易")-SUMIFS(交易历史!B:B,交易历史!C:C,A3,交易历史!E:E,"二轮交易")+SUMIFS(交易历史!B:B,交易历史!D:D,A3,交易历史!E:E,"二轮交易")-SUMIFS(交易历史!B:B,交易历史!C:C,A3,交易历史!E:E,"三轮交易")+SUMIFS(交易历史!B:B,交易历史!D:D,A3,交易历史!E:E,"三轮交易")-SUMIFS(交易历史!B:B,交易历史!C:C,A3,交易历史!E:E,"四轮交易")+SUMIFS(交易历史!B:B,交易历史!D:D,A3,交易历史!E:E,"四轮交易") -> 20 | D3: =IF(C3<=0,"超支",IF(C3<=500,"即将超支，剩余"&TEXT(C3,"0")&"W第纳尔","资金状况良好")) -> 即将超支，剩余20W第纳尔 | E3: 冲锋
A4: 【SSR】Superior Super Rare | B4: ='队伍收入状况 '!D3 -> 2550 | C4: =B4-SUMIFS(交易历史!B:B,交易历史!C:C,A4,交易历史!E:E,"首轮交易")+SUMIFS(交易历史!B:B,交易历史!D:D,A4,交易历史!E:E,"首轮交易")-SUMIFS(交易历史!B:B,交易历史!C:C,A4,交易历史!E:E,"二轮交易")+SUMIFS(交易历史!B:B,交易历史!D:D,A4,交易历史!E:E,"二轮交易")-SUMIFS(交易历史!B:B,交易历史!C:C,A4,交易历史!E:E,"三轮交易")+SUMIFS(交易历史!B:B,交易历史!D:D,A4,交易历史!E:E,"三轮交易")-SUMIFS(交易历史!B:B,交易历史!C:C,A4,交易历史!E:E,"四轮交易")+SUMIFS(交易历史!B:B,交易历史!D:D,A4,交易历史!E:E,"四轮交易") -> 0 | D4: =IF(C4<=0,"超支",IF(C4<=500,"即将超支，剩余"&TEXT(C4,"0")&"W第纳尔","资金状况良好")) -> 超支 | E4: 图派克
A5: 【OldH】老H犟嘴 | B5: ='队伍收入状况 '!D4 -> 2100 | C5: =B5-SUMIFS(交易历史!B:B,交易历史!C:C,A5,交易历史!E:E,"首轮交易")+SUMIFS(交易历史!B:B,交易历史!D:D,A5,交易历史!E:E,"首轮交易")-SUMIFS(交易历史!B:B,交易历史!C:C,A5,交易历史!E:E,"二轮交易")+SUMIFS(交易历史!B:B,交易历史!D:D,A5,交易历史!E:E,"二轮交易")-SUMIFS(交易历史!B:B,交易历史!C:C,A5,交易历史!E:E,"三轮交易")+SUMIFS(交易历史!B:B,交易历史!D:D,A5,交易历史!E:E,"三轮交易")-SUMIFS(交易历史!B:B,交易历史!C:C,A5,交易历史!E:E,"四轮交易")+SUMIFS(交易历史!B:B,交易历史!D:D,A5,交易历史!E:E,"四轮交易") -> 30 | D5: =IF(C5<=0,"超支",IF(C5<=500,"即将超支，剩余"&TEXT(C5,"0")&"W第纳尔","资金状况良好")) -> 即将超支，剩余30W第纳尔 | E5: 凯撒
A6: 【AWO】逃出生天 | B6: ='队伍收入状况 '!D5 -> 2200 | C6: =B6-SUMIFS(交易历史!B:B,交易历史!C:C,A6,交易历史!E:E,"首轮交易")+SUMIFS(交易历史!B:B,交易历史!D:D,A6,交易历史!E:E,"首轮交易")-SUMIFS(交易历史!B:B,交易历史!C:C,A6,交易历史!E:E,"二轮交易")+SUMIFS(交易历史!B:B,交易历史!D:D,A6,交易历史!E:E,"二轮交易")-SUMIFS(交易历史!B:B,交易历史!C:C,A6,交易历史!E:E,"三轮交易")+SUMIFS(交易历史!B:B,交易历史!D:D,A6,交易历史!E:E,"三轮交易")-SUMIFS(交易历史!B:B,交易历史!C:C,A6,交易历史!E:E,"四轮交易")+SUMIFS(交易历史!B:B,交易历史!D:D,A6,交易历史!E:E,"四轮交易") -> 630 | D6: =IF(C6<=0,"超支",IF(C6<=500,"即将超支，剩余"&TEXT(C6,"0")&"W第纳尔","资金状况良好")) -> 资金状况良好 | E6: 小山楂
A7: 【G2】G2‭ | B7: ='队伍收入状况 '!D6 -> 2200 | C7: =B7-SUMIFS(交易历史!B:B,交易历史!C:C,A7,交易历史!E:E,"首轮交易")+SUMIFS(交易历史!B:B,交易历史!D:D,A7,交易历史!E:E,"首轮交易")-SUMIFS(交易历史!B:B,交易历史!C:C,A7,交易历史!E:E,"二轮交易")+SUMIFS(交易历史!B:B,交易历史!D:D,A7,交易历史!E:E,"二轮交易")-SUMIFS(交易历史!B:B,交易历史!C:C,A7,交易历史!E:E,"三轮交易")+SUMIFS(交易历史!B:B,交易历史!D:D,A7,交易历史!E:E,"三轮交易")-SUMIFS(交易历史!B:B,交易历史!C:C,A7,交易历史!E:E,"四轮交易")+SUMIFS(交易历史!B:B,交易历史!D:D,A7,交易历史!E:E,"四轮交易") -> 90 | D7: =IF(C7<=0,"超支",IF(C7<=500,"即将超支，剩余"&TEXT(C7,"0")&"W第纳尔","资金状况良好")) -> 即将超支，剩余90W第纳尔 | E7: 米子
A8: 【TV】Team Vitality | B8: ='队伍收入状况 '!D7 -> 2200 | C8: =B8-SUMIFS(交易历史!B:B,交易历史!C:C,A8,交易历史!E:E,"首轮交易")+SUMIFS(交易历史!B:B,交易历史!D:D,A8,交易历史!E:E,"首轮交易")-SUMIFS(交易历史!B:B,交易历史!C:C,A8,交易历史!E:E,"二轮交易")+SUMIFS(交易历史!B:B,交易历史!D:D,A8,交易历史!E:E,"二轮交易")-SUMIFS(交易历史!B:B,交易历史!C:C,A8,交易历史!E:E,"三轮交易")+SUMIFS(交易历史!B:B,交易历史!D:D,A8,交易历史!E:E,"三轮交易")-SUMIFS(交易历史!B:B,交易历史!C:C,A8,交易历史!E:E,"四轮交易")+SUMIFS(交易历史!B:B,交易历史!D:D,A8,交易历史!E:E,"四轮交易") -> 90 | D8: =IF(C8<=0,"超支",IF(C8<=500,"即将超支，剩余"&TEXT(C8,"0")&"W第纳尔","资金状况良好")) -> 即将超支，剩余90W第纳尔 | E8: 赵毅
A9: 【Miniworld】迷你世界 | B9: ='队伍收入状况 '!D8 -> 2750 | C9: =B9-SUMIFS(交易历史!B:B,交易历史!C:C,A9,交易历史!E:E,"首轮交易")+SUMIFS(交易历史!B:B,交易历史!D:D,A9,交易历史!E:E,"首轮交易")-SUMIFS(交易历史!B:B,交易历史!C:C,A9,交易历史!E:E,"二轮交易")+SUMIFS(交易历史!B:B,交易历史!D:D,A9,交易历史!E:E,"二轮交易")-SUMIFS(交易历史!B:B,交易历史!C:C,A9,交易历史!E:E,"三轮交易")+SUMIFS(交易历史!B:B,交易历史!D:D,A9,交易历史!E:E,"三轮交易")-SUMIFS(交易历史!B:B,交易历史!C:C,A9,交易历史!E:E,"四轮交易")+SUMIFS(交易历史!B:B,交易历史!D:D,A9,交易历史!E:E,"四轮交易") -> 650 | D9: =IF(C9<=0,"超支",IF(C9<=500,"即将超支，剩余"&TEXT(C9,"0")&"W第纳尔","资金状况良好")) -> 资金状况良好 | E9: nane
A10: 【NikoFC】NikoCN Fanclub | B10: ='队伍收入状况 '!D9 -> 2700 | C10: =B10-SUMIFS(交易历史!B:B,交易历史!C:C,A10,交易历史!E:E,"首轮交易")+SUMIFS(交易历史!B:B,交易历史!D:D,A10,交易历史!E:E,"首轮交易")-SUMIFS(交易历史!B:B,交易历史!C:C,A10,交易历史!E:E,"二轮交易")+SUMIFS(交易历史!B:B,交易历史!D:D,A10,交易历史!E:E,"二轮交易")-SUMIFS(交易历史!B:B,交易历史!C:C,A10,交易历史!E:E,"三轮交易")+SUMIFS(交易历史!B:B,交易历史!D:D,A10,交易历史!E:E,"三轮交易")-SUMIFS(交易历史!B:B,交易历史!C:C,A10,交易历史!E:E,"四轮交易")+SUMIFS(交易历史!B:B,交易历史!D:D,A10,交易历史!E:E,"四轮交易") -> 360 | D10: =IF(C10<=0,"超支",IF(C10<=500,"即将超支，剩余"&TEXT(C10,"0")&"W第纳尔","资金状况良好")) -> 即将超支，剩余360W第纳尔 | E10: 梅森
A11: 常用昵称 | B11: 报名ID | C11: 最高身价（单位：W） | D11: 当前队伍 | E11: 球员目前状态
A12: xiaoliyu | B12: JackeyLove | C12: =_xlfn.MAXIFS(交易历史!B:B,交易历史!A:A,A12) -> 0 | D12: =INDEX(交易历史!C:C,MATCH(A12,交易历史!A:A,0)) -> 【G2】G2‭ | E12: =IF(AND(NOT(ISBLANK(C12)),NOT(ISBLANK(D12)),ISERROR(SEARCH("流拍待定",D12))),"球员已拍定",IF(ISNUMBER(SEARCH("流拍待定",D12)),"流拍待定",IF(AND(OR(ISBLANK(C12),ISBLANK(D12)),NOT(ISBLANK(C11)),NOT(ISBLANK(D11))),"正在竞拍",""))) -> 球员已拍定
A13: 小鱼 | B13: 18SadYu | C13: =_xlfn.MAXIFS(交易历史!B:B,交易历史!A:A,A13) -> 80 | D13: =INDEX(交易历史!C:C,MATCH(A13,交易历史!A:A,0)) -> 【SSR】Superior Super Rare | E13: =IF(AND(NOT(ISBLANK(C13)),NOT(ISBLANK(D13)),ISERROR(SEARCH("流拍待定",D13))),"球员已拍定",IF(ISNUMBER(SEARCH("流拍待定",D13)),"流拍待定",IF(AND(OR(ISBLANK(C13),ISBLANK(D13)),NOT(ISBLANK(C12)),NOT(ISBLANK(D12))),"正在竞拍",""))) -> 球员已拍定
A14: Mengdong | B14: Mengdong | C14: =_xlfn.MAXIFS(交易历史!B:B,交易历史!A:A,A14) -> 0 | D14: =INDEX(交易历史!C:C,MATCH(A14,交易历史!A:A,0)) -> 【AWO】逃出生天 | E14: =IF(AND(NOT(ISBLANK(C14)),NOT(ISBLANK(D14)),ISERROR(SEARCH("流拍待定",D14))),"球员已拍定",IF(ISNUMBER(SEARCH("流拍待定",D14)),"流拍待定",IF(AND(OR(ISBLANK(C14),ISBLANK(D14)),NOT(ISBLANK(C13)),NOT(ISBLANK(D13))),"正在竞拍",""))) -> 球员已拍定
A15: awe23 | B15: Lezafans | C15: =_xlfn.MAXIFS(交易历史!B:B,交易历史!A:A,A15) -> 320 | D15: =INDEX(交易历史!C:C,MATCH(A15,交易历史!A:A,0)) -> 【NikoFC】NikoCN Fanclub | E15: =IF(AND(NOT(ISBLANK(C15)),NOT(ISBLANK(D15)),ISERROR(SEARCH("流拍待定",D15))),"球员已拍定",IF(ISNUMBER(SEARCH("流拍待定",D15)),"流拍待定",IF(AND(OR(ISBLANK(C15),ISBLANK(D15)),NOT(ISBLANK(C14)),NOT(ISBLANK(D14))),"正在竞拍",""))) -> 球员已拍定
A16: 史蒂夫 | B16: [Vinland]Steve | C16: =_xlfn.MAXIFS(交易历史!B:B,交易历史!A:A,A16) -> 400 | D16: =INDEX(交易历史!C:C,MATCH(A16,交易历史!A:A,0)) -> 【SSR】Superior Super Rare | E16: =IF(AND(NOT(ISBLANK(C16)),NOT(ISBLANK(D16)),ISERROR(SEARCH("流拍待定",D16))),"球员已拍定",IF(ISNUMBER(SEARCH("流拍待定",D16)),"流拍待定",IF(AND(OR(ISBLANK(C16),ISBLANK(D16)),NOT(ISBLANK(C15)),NOT(ISBLANK(D15))),"正在竞拍",""))) -> 球员已拍定
A17: f4 | B17: quandouwushILing | C17: =_xlfn.MAXIFS(交易历史!B:B,交易历史!A:A,A17) -> 600 | D17: =INDEX(交易历史!C:C,MATCH(A17,交易历史!A:A,0)) -> 【TV】Team Vitality | E17: =IF(AND(NOT(ISBLANK(C17)),NOT(ISBLANK(D17)),ISERROR(SEARCH("流拍待定",D17))),"球员已拍定",IF(ISNUMBER(SEARCH("流拍待定",D17)),"流拍待定",IF(AND(OR(ISBLANK(C17),ISBLANK(D17)),NOT(ISBLANK(C16)),NOT(ISBLANK(D16))),"正在竞拍",""))) -> 球员已拍定
A18: Bonaoart | B18: Bonapart | C18: =_xlfn.MAXIFS(交易历史!B:B,交易历史!A:A,A18) -> 100 | D18: =INDEX(交易历史!C:C,MATCH(A18,交易历史!A:A,0)) -> 【NikoFC】NikoCN Fanclub | E18: =IF(AND(NOT(ISBLANK(C18)),NOT(ISBLANK(D18)),ISERROR(SEARCH("流拍待定",D18))),"球员已拍定",IF(ISNUMBER(SEARCH("流拍待定",D18)),"流拍待定",IF(AND(OR(ISBLANK(C18),ISBLANK(D18)),NOT(ISBLANK(C17)),NOT(ISBLANK(D17))),"正在竞拍",""))) -> 球员已拍定
A19: 哭丧 | B19: KUSANAGE | C19: =_xlfn.MAXIFS(交易历史!B:B,交易历史!A:A,A19) -> 80 | D19: =INDEX(交易历史!C:C,MATCH(A19,交易历史!A:A,0)) -> 【Miniworld】迷你世界 | E19: =IF(AND(NOT(ISBLANK(C19)),NOT(ISBLANK(D19)),ISERROR(SEARCH("流拍待定",D19))),"球员已拍定",IF(ISNUMBER(SEARCH("流拍待定",D19)),"流拍待定",IF(AND(OR(ISBLANK(C19),ISBLANK(D19)),NOT(ISBLANK(#REF!)),NOT(ISBLANK(#REF!))),"正在竞拍",""))) -> 球员已拍定
A20: abin | B20: abin | C20: =_xlfn.MAXIFS(交易历史!B:B,交易历史!A:A,A20) -> 10 | D20: =INDEX(交易历史!C:C,MATCH(A20,交易历史!A:A,0)) -> 【TV】Team Vitality | E20: =IF(AND(NOT(ISBLANK(C20)),NOT(ISBLANK(D20)),ISERROR(SEARCH("流拍待定",D20))),"球员已拍定",IF(ISNUMBER(SEARCH("流拍待定",D20)),"流拍待定",IF(AND(OR(ISBLANK(C20),ISBLANK(D20)),NOT(ISBLANK(C19)),NOT(ISBLANK(D19))),"正在竞拍",""))) -> 球员已拍定
A21: GJY | B21: Ak King | C21: =_xlfn.MAXIFS(交易历史!B:B,交易历史!A:A,A21) -> 0 | D21: =INDEX(交易历史!C:C,MATCH(A21,交易历史!A:A,0)) -> 【CbHz】吃饱喝足就是玩 | E21: =IF(AND(NOT(ISBLANK(C21)),NOT(ISBLANK(D21)),ISERROR(SEARCH("流拍待定",D21))),"球员已拍定",IF(ISNUMBER(SEARCH("流拍待定",D21)),"流拍待定",IF(AND(OR(ISBLANK(C21),ISBLANK(D21)),NOT(ISBLANK(C20)),NOT(ISBLANK(D20))),"正在竞拍",""))) -> 球员已拍定
A22: AP-20 | B22: AP-20 | C22: =_xlfn.MAXIFS(交易历史!B:B,交易历史!A:A,A22) -> 20 | D22: =INDEX(交易历史!C:C,MATCH(A22,交易历史!A:A,0)) -> 【TV】Team Vitality | E22: =IF(AND(NOT(ISBLANK(C22)),NOT(ISBLANK(D22)),ISERROR(SEARCH("流拍待定",D22))),"球员已拍定",IF(ISNUMBER(SEARCH("流拍待定",D22)),"流拍待定",IF(AND(OR(ISBLANK(C22),ISBLANK(D22)),NOT(ISBLANK(C21)),NOT(ISBLANK(D21))),"正在竞拍",""))) -> 球员已拍定
A23: 王水灵 | B23: wsl | C23: =_xlfn.MAXIFS(交易历史!B:B,交易历史!A:A,A23) -> 10 | D23: =INDEX(交易历史!C:C,MATCH(A23,交易历史!A:A,0)) -> 【SSR】Superior Super Rare | E23: =IF(AND(NOT(ISBLANK(C23)),NOT(ISBLANK(D23)),ISERROR(SEARCH("流拍待定",D23))),"球员已拍定",IF(ISNUMBER(SEARCH("流拍待定",D23)),"流拍待定",IF(AND(OR(ISBLANK(C23),ISBLANK(D23)),NOT(ISBLANK(C22)),NOT(ISBLANK(D22))),"正在竞拍",""))) -> 球员已拍定
A24: 豆子 | B24: HeiAnZhiWang | C24: =_xlfn.MAXIFS(交易历史!B:B,交易历史!A:A,A24) -> 660 | D24: =INDEX(交易历史!C:C,MATCH(A24,交易历史!A:A,0)) -> 【CbHz】吃饱喝足就是玩 | E24: =IF(AND(NOT(ISBLANK(C24)),NOT(ISBLANK(D24)),ISERROR(SEARCH("流拍待定",D24))),"球员已拍定",IF(ISNUMBER(SEARCH("流拍待定",D24)),"流拍待定",IF(AND(OR(ISBLANK(C24),ISBLANK(D24)),NOT(ISBLANK(C23)),NOT(ISBLANK(D23))),"正在竞拍",""))) -> 球员已拍定
A25: 果猫 | B25: sichuanmei | C25: =_xlfn.MAXIFS(交易历史!B:B,交易历史!A:A,A25) -> 540 | D25: =INDEX(交易历史!C:C,MATCH(A25,交易历史!A:A,0)) -> 【NikoFC】NikoCN Fanclub | E25: =IF(AND(NOT(ISBLANK(C25)),NOT(ISBLANK(D25)),ISERROR(SEARCH("流拍待定",D25))),"球员已拍定",IF(ISNUMBER(SEARCH("流拍待定",D25)),"流拍待定",IF(AND(OR(ISBLANK(C25),ISBLANK(D25)),NOT(ISBLANK(C24)),NOT(ISBLANK(D24))),"正在竞拍",""))) -> 球员已拍定
A26: 233laoye | B26: Super_Seal | C26: =_xlfn.MAXIFS(交易历史!B:B,交易历史!A:A,A26) -> 1000 | D26: =INDEX(交易历史!C:C,MATCH(A26,交易历史!A:A,0)) -> 【G2】G2‭ | E26: =IF(AND(NOT(ISBLANK(C26)),NOT(ISBLANK(D26)),ISERROR(SEARCH("流拍待定",D26))),"球员已拍定",IF(ISNUMBER(SEARCH("流拍待定",D26)),"流拍待定",IF(AND(OR(ISBLANK(C26),ISBLANK(D26)),NOT(ISBLANK(C25)),NOT(ISBLANK(D25))),"正在竞拍",""))) -> 球员已拍定
A27: Tatum | B27: Tatum | C27: =_xlfn.MAXIFS(交易历史!B:B,交易历史!A:A,A27) -> 350 | D27: =INDEX(交易历史!C:C,MATCH(A27,交易历史!A:A,0)) -> 【Miniworld】迷你世界 | E27: =IF(AND(NOT(ISBLANK(C27)),NOT(ISBLANK(D27)),ISERROR(SEARCH("流拍待定",D27))),"球员已拍定",IF(ISNUMBER(SEARCH("流拍待定",D27)),"流拍待定",IF(AND(OR(ISBLANK(C27),ISBLANK(D27)),NOT(ISBLANK(C26)),NOT(ISBLANK(D26))),"正在竞拍",""))) -> 球员已拍定
A28: KillerQuin | B28: qifenzu | C28: =_xlfn.MAXIFS(交易历史!B:B,交易历史!A:A,A28) -> 20 | D28: =INDEX(交易历史!C:C,MATCH(A28,交易历史!A:A,0)) -> 【Miniworld】迷你世界 | E28: =IF(AND(NOT(ISBLANK(C28)),NOT(ISBLANK(D28)),ISERROR(SEARCH("流拍待定",D28))),"球员已拍定",IF(ISNUMBER(SEARCH("流拍待定",D28)),"流拍待定",IF(AND(OR(ISBLANK(C28),ISBLANK(D28)),NOT(ISBLANK(C27)),NOT(ISBLANK(D27))),"正在竞拍",""))) -> 球员已拍定
A29: 罗加 | B29: ZhouBaiYa | C29: =_xlfn.MAXIFS(交易历史!B:B,交易历史!A:A,A29) -> 0 | D29: =INDEX(交易历史!C:C,MATCH(A29,交易历史!A:A,0)) -> 【CbHz】吃饱喝足就是玩 | E29: =IF(AND(NOT(ISBLANK(C29)),NOT(ISBLANK(D29)),ISERROR(SEARCH("流拍待定",D29))),"球员已拍定",IF(ISNUMBER(SEARCH("流拍待定",D29)),"流拍待定",IF(AND(OR(ISBLANK(C29),ISBLANK(D29)),NOT(ISBLANK(C28)),NOT(ISBLANK(D28))),"正在竞拍",""))) -> 球员已拍定
A30: Luvv | B30: 05 | C30: =_xlfn.MAXIFS(交易历史!B:B,交易历史!A:A,A30) -> 200 | D30: =INDEX(交易历史!C:C,MATCH(A30,交易历史!A:A,0)) -> 【SSR】Superior Super Rare | E30: =IF(AND(NOT(ISBLANK(C30)),NOT(ISBLANK(D30)),ISERROR(SEARCH("流拍待定",D30))),"球员已拍定",IF(ISNUMBER(SEARCH("流拍待定",D30)),"流拍待定",IF(AND(OR(ISBLANK(C30),ISBLANK(D30)),NOT(ISBLANK(C29)),NOT(ISBLANK(D29))),"正在竞拍",""))) -> 球员已拍定
A31: 老鱼 | B31: 566 | C31: =_xlfn.MAXIFS(交易历史!B:B,交易历史!A:A,A31) -> 40 | D31: =INDEX(交易历史!C:C,MATCH(A31,交易历史!A:A,0)) -> 【Miniworld】迷你世界 | E31: =IF(AND(NOT(ISBLANK(C31)),NOT(ISBLANK(D31)),ISERROR(SEARCH("流拍待定",D31))),"球员已拍定",IF(ISNUMBER(SEARCH("流拍待定",D31)),"流拍待定",IF(AND(OR(ISBLANK(C31),ISBLANK(D31)),NOT(ISBLANK(C30)),NOT(ISBLANK(D30))),"正在竞拍",""))) -> 球员已拍定
... A66: Able | B66: Workwork | C66: =_xlfn.MAXIFS(交易历史!B:B,交易历史!A:A,A66) -> 410 | D66: =INDEX(交易历史!C:C,MATCH(A66,交易历史!A:A,0)) -> 【SSR】Superior Super Rare | E66: =IF(AND(NOT(ISBLANK(C66)),NOT(ISBLANK(D66)),ISERROR(SEARCH("流拍待定",D66))),"球员已拍定",IF(ISNUMBER(SEARCH("流拍待定",D66)),"流拍待定",IF(AND(OR(ISBLANK(C66),ISBLANK(D66)),NOT(ISBLANK(C65)),NOT(ISBLANK(D65))),"正在竞拍",""))) -> 球员已拍定
A67: 末影 | B67: lxclxc | C67: =_xlfn.MAXIFS(交易历史!B:B,交易历史!A:A,A67) -> 190 | D67: =INDEX(交易历史!C:C,MATCH(A67,交易历史!A:A,0)) -> 【G2】G2‭ | E67: =IF(AND(NOT(ISBLANK(C67)),NOT(ISBLANK(D67)),ISERROR(SEARCH("流拍待定",D67))),"球员已拍定",IF(ISNUMBER(SEARCH("流拍待定",D67)),"流拍待定",IF(AND(OR(ISBLANK(C67),ISBLANK(D67)),NOT(ISBLANK(#REF!)),NOT(ISBLANK(#REF!))),"正在竞拍",""))) -> 球员已拍定
A68: 城府 | B68: Jinzhaojianzhidieyunchu | C68: =_xlfn.MAXIFS(交易历史!B:B,交易历史!A:A,A68) -> 190 | D68: =INDEX(交易历史!C:C,MATCH(A68,交易历史!A:A,0)) -> 【AWO】逃出生天 | E68: =IF(AND(NOT(ISBLANK(C68)),NOT(ISBLANK(D68)),ISERROR(SEARCH("流拍待定",D68))),"球员已拍定",IF(ISNUMBER(SEARCH("流拍待定",D68)),"流拍待定",IF(AND(OR(ISBLANK(C68),ISBLANK(D68)),NOT(ISBLANK(C67)),NOT(ISBLANK(D67))),"正在竞拍",""))) -> 球员已拍定
A69: 苏雨晴 | B69: Elucoco | C69: =_xlfn.MAXIFS(交易历史!B:B,交易历史!A:A,A69) -> 350 | D69: =INDEX(交易历史!C:C,MATCH(A69,交易历史!A:A,0)) -> 【Miniworld】迷你世界 | E69: =IF(AND(NOT(ISBLANK(C69)),NOT(ISBLANK(D69)),ISERROR(SEARCH("流拍待定",D69))),"球员已拍定",IF(ISNUMBER(SEARCH("流拍待定",D69)),"流拍待定",IF(AND(OR(ISBLANK(C69),ISBLANK(D69)),NOT(ISBLANK(C68)),NOT(ISBLANK(D68))),"正在竞拍",""))) -> 球员已拍定
A70: Lezalit | B70: Yuukasama | C70: =_xlfn.MAXIFS(交易历史!B:B,交易历史!A:A,A70) -> 1000 | D70: =INDEX(交易历史!C:C,MATCH(A70,交易历史!A:A,0)) -> 【TV】Team Vitality | E70: =IF(AND(NOT(ISBLANK(C70)),NOT(ISBLANK(D70)),ISERROR(SEARCH("流拍待定",D70))),"球员已拍定",IF(ISNUMBER(SEARCH("流拍待定",D70)),"流拍待定",IF(AND(OR(ISBLANK(C70),ISBLANK(D70)),NOT(ISBLANK(C69)),NOT(ISBLANK(D69))),"正在竞拍",""))) -> 球员已拍定
A71: knightzz | B71: knightzz | C71: =_xlfn.MAXIFS(交易历史!B:B,交易历史!A:A,A71) -> 850 | D71: =INDEX(交易历史!C:C,MATCH(A71,交易历史!A:A,0)) -> 【AWO】逃出生天 | E71: =IF(AND(NOT(ISBLANK(C71)),NOT(ISBLANK(D71)),ISERROR(SEARCH("流拍待定",D71))),"球员已拍定",IF(ISNUMBER(SEARCH("流拍待定",D71)),"流拍待定",IF(AND(OR(ISBLANK(C71),ISBLANK(D71)),NOT(ISBLANK(C70)),NOT(ISBLANK(D70))),"正在竞拍",""))) -> 球员已拍定
A72: 天帝哥哥 | B72: TianDi | C72: =_xlfn.MAXIFS(交易历史!B:B,交易历史!A:A,A72) -> 10 | D72: =INDEX(交易历史!C:C,MATCH(A72,交易历史!A:A,0)) -> 【TV】Team Vitality | E72: =IF(AND(NOT(ISBLANK(C72)),NOT(ISBLANK(D72)),ISERROR(SEARCH("流拍待定",D72))),"球员已拍定",IF(ISNUMBER(SEARCH("流拍待定",D72)),"流拍待定",IF(AND(OR(ISBLANK(C72),ISBLANK(D72)),NOT(ISBLANK(C71)),NOT(ISBLANK(D71))),"正在竞拍",""))) -> 球员已拍定
A73: 冷夜 | B73: LengYe | C73: =_xlfn.MAXIFS(交易历史!B:B,交易历史!A:A,A73) -> 20 | D73: =INDEX(交易历史!C:C,MATCH(A73,交易历史!A:A,0)) -> 【TV】Team Vitality | E73: =IF(AND(NOT(ISBLANK(C73)),NOT(ISBLANK(D73)),ISERROR(SEARCH("流拍待定",D73))),"球员已拍定",IF(ISNUMBER(SEARCH("流拍待定",D73)),"流拍待定",IF(AND(OR(ISBLANK(C73),ISBLANK(D73)),NOT(ISBLANK(C72)),NOT(ISBLANK(D72))),"正在竞拍",""))) -> 球员已拍定
A74: 大聪明、呆呆 | B74: DaCongMing | C74: =_xlfn.MAXIFS(交易历史!B:B,交易历史!A:A,A74) -> 400 | D74: =INDEX(交易历史!C:C,MATCH(A74,交易历史!A:A,0)) -> 【G2】G2‭ | E74: =IF(AND(NOT(ISBLANK(C74)),NOT(ISBLANK(D74)),ISERROR(SEARCH("流拍待定",D74))),"球员已拍定",IF(ISNUMBER(SEARCH("流拍待定",D74)),"流拍待定",IF(AND(OR(ISBLANK(C74),ISBLANK(D74)),NOT(ISBLANK(C73)),NOT(ISBLANK(D73))),"正在竞拍",""))) -> 球员已拍定
A75: 退休老人野望 | B75: Retired older | C75: =_xlfn.MAXIFS(交易历史!B:B,交易历史!A:A,A75) -> 90 | D75: =INDEX(交易历史!C:C,MATCH(A75,交易历史!A:A,0)) -> 【AWO】逃出生天 | E75: =IF(AND(NOT(ISBLANK(C75)),NOT(ISBLANK(D75)),ISERROR(SEARCH("流拍待定",D75))),"球员已拍定",IF(ISNUMBER(SEARCH("流拍待定",D75)),"流拍待定",IF(AND(OR(ISBLANK(C75),ISBLANK(D75)),NOT(ISBLANK(C74)),NOT(ISBLANK(D74))),"正在竞拍",""))) -> 球员已拍定
A76: LSSL | B76: LSSL | C76: =_xlfn.MAXIFS(交易历史!B:B,交易历史!A:A,A76) -> 90 | D76: =INDEX(交易历史!C:C,MATCH(A76,交易历史!A:A,0)) -> 【OldH】老H犟嘴 | E76: =IF(AND(NOT(ISBLANK(C76)),NOT(ISBLANK(D76)),ISERROR(SEARCH("流拍待定",D76))),"球员已拍定",IF(ISNUMBER(SEARCH("流拍待定",D76)),"流拍待定",IF(AND(OR(ISBLANK(C76),ISBLANK(D76)),NOT(ISBLANK(C75)),NOT(ISBLANK(D75))),"正在竞拍",""))) -> 球员已拍定
A77: shiran | B77: shiran | C77: =_xlfn.MAXIFS(交易历史!B:B,交易历史!A:A,A77) -> 380 | D77: =INDEX(交易历史!C:C,MATCH(A77,交易历史!A:A,0)) -> 【OldH】老H犟嘴 | E77: =IF(AND(NOT(ISBLANK(C77)),NOT(ISBLANK(D77)),ISERROR(SEARCH("流拍待定",D77))),"球员已拍定",IF(ISNUMBER(SEARCH("流拍待定",D77)),"流拍待定",IF(AND(OR(ISBLANK(C77),ISBLANK(D77)),NOT(ISBLANK(C76)),NOT(ISBLANK(D76))),"正在竞拍",""))) -> 球员已拍定
A78: sy72sdf | B78: sy72sdf | C78: =_xlfn.MAXIFS(交易历史!B:B,交易历史!A:A,A78) -> 120 | D78: =INDEX(交易历史!C:C,MATCH(A78,交易历史!A:A,0)) -> 【TV】Team Vitality | E78: =IF(AND(NOT(ISBLANK(C78)),NOT(ISBLANK(D78)),ISERROR(SEARCH("流拍待定",D78))),"球员已拍定",IF(ISNUMBER(SEARCH("流拍待定",D78)),"流拍待定",IF(AND(OR(ISBLANK(C78),ISBLANK(D78)),NOT(ISBLANK(C77)),NOT(ISBLANK(D77))),"正在竞拍",""))) -> 球员已拍定
A79: Maverick | B79: Maverick | C79: =_xlfn.MAXIFS(交易历史!B:B,交易历史!A:A,A79) -> 140 | D79: =INDEX(交易历史!C:C,MATCH(A79,交易历史!A:A,0)) -> 【G2】G2‭ | E79: =IF(AND(NOT(ISBLANK(C79)),NOT(ISBLANK(D79)),ISERROR(SEARCH("流拍待定",D79))),"球员已拍定",IF(ISNUMBER(SEARCH("流拍待定",D79)),"流拍待定",IF(AND(OR(ISBLANK(C79),ISBLANK(D79)),NOT(ISBLANK(C78)),NOT(ISBLANK(D78))),"正在竞拍",""))) -> 球员已拍定
... A93: 大西瓜 | B93: Guomao | C93: =_xlfn.MAXIFS(交易历史!B:B,交易历史!A:A,A93) -> 100 | D93: =INDEX(交易历史!C:C,MATCH(A93,交易历史!A:A,0)) -> 【OldH】老H犟嘴 | E93: =IF(AND(NOT(ISBLANK(C93)),NOT(ISBLANK(D93)),ISERROR(SEARCH("流拍待定",D93))),"球员已拍定",IF(ISNUMBER(SEARCH("流拍待定",D93)),"流拍待定",IF(AND(OR(ISBLANK(C93),ISBLANK(D93)),NOT(ISBLANK(C92)),NOT(ISBLANK(D92))),"正在竞拍",""))) -> 球员已拍定
A94: 白露 | B94: FELIX | C94: =_xlfn.MAXIFS(交易历史!B:B,交易历史!A:A,A94) -> 0 | D94: =INDEX(交易历史!C:C,MATCH(A94,交易历史!A:A,0)) -> 0
A95: wind | B95: wind | C95: =_xlfn.MAXIFS(交易历史!B:B,交易历史!A:A,A95) -> 0 | D95: =INDEX(交易历史!C:C,MATCH(A95,交易历史!A:A,0)) -> 0
A96: 波澜 | B96: Bolan | C96: =_xlfn.MAXIFS(交易历史!B:B,交易历史!A:A,A96) -> 0 | D96: =INDEX(交易历史!C:C,MATCH(A96,交易历史!A:A,0)) -> 0
A97: YQS-Laozhongzhu | B97: YQS-Laozhongzhu | C97: =_xlfn.MAXIFS(交易历史!B:B,交易历史!A:A,A97) -> 0 | D97: =INDEX(交易历史!C:C,MATCH(A97,交易历史!A:A,0)) -> 0
A98: TNT | B98: 2CiYuan | C98: =_xlfn.MAXIFS(交易历史!B:B,交易历史!A:A,A98) -> 0 | D98: =INDEX(交易历史!C:C,MATCH(A98,交易历史!A:A,0)) -> 0
A99: 天将 | B99: GeBuLin | C99: =_xlfn.MAXIFS(交易历史!B:B,交易历史!A:A,A99) -> 0 | D99: =INDEX(交易历史!C:C,MATCH(A99,交易历史!A:A,0)) -> 0
A100: Rapier | B100: Rapier | C100: =_xlfn.MAXIFS(交易历史!B:B,交易历史!A:A,A100) -> 0 | D100: =INDEX(交易历史!C:C,MATCH(A100,交易历史!A:A,0)) -> 0
A101: 鸡头 | B101: GMM | C101: =_xlfn.MAXIFS(交易历史!B:B,交易历史!A:A,A101) -> 0 | D101: =INDEX(交易历史!C:C,MATCH(A101,交易历史!A:A,0)) -> 0
A102: 888 | B102: Doraemon | C102: =_xlfn.MAXIFS(交易历史!B:B,交易历史!A:A,A102) -> 0 | D102: =INDEX(交易历史!C:C,MATCH(A102,交易历史!A:A,0)) -> 0
A103: 午马 | B103: WuMA | C103: =_xlfn.MAXIFS(交易历史!B:B,交易历史!A:A,A103) -> 0 | D103: =INDEX(交易历史!C:C,MATCH(A103,交易历史!A:A,0)) -> 0
A104: xp | B104: biaoqiang | C104: =_xlfn.MAXIFS(交易历史!B:B,交易历史!A:A,A104) -> 0 | D104: =INDEX(交易历史!C:C,MATCH(A104,交易历史!A:A,0)) -> 0
A105: 帅比大 | B105: shuaibida | C105: =_xlfn.MAXIFS(交易历史!B:B,交易历史!A:A,A105) -> 0 | D105: =INDEX(交易历史!C:C,MATCH(A105,交易历史!A:A,0)) -> 0
... A125: 牢云 | B125: OldCloud | C125: =_xlfn.MAXIFS(交易历史!B:B,交易历史!A:A,A125) -> 0 | D125: =INDEX(交易历史!C:C,MATCH(A125,交易历史!A:A,0)) -> 0
C126: =_xlfn.MAXIFS(交易历史!B:B,交易历史!A:A,A126) -> 0 | D126: =INDEX(交易历史!C:C,MATCH(A126,交易历史!A:A,0)) -> #N/A
C127: =_xlfn.MAXIFS(交易历史!B:B,交易历史!A:A,A127) -> 0 | D127: =INDEX(交易历史!C:C,MATCH(A127,交易历史!A:A,0)) -> #N/A
C128: =_xlfn.MAXIFS(交易历史!B:B,交易历史!A:A,A128) -> 0 | D128: =INDEX(交易历史!C:C,MATCH(A128,交易历史!A:A,0)) -> #N/A
C129: =_xlfn.MAXIFS(交易历史!B:B,交易历史!A:A,A129) -> 0 | D129: =INDEX(交易历史!C:C,MATCH(A129,交易历史!A:A,0)) -> #N/A
C130: =_xlfn.MAXIFS(交易历史!B:B,交易历史!A:A,A130) -> 0 | D130: =INDEX(交易历史!C:C,MATCH(A130,交易历史!A:A,0)) -> #N/A
C131: =_xlfn.MAXIFS(交易历史!B:B,交易历史!A:A,A131) -> 0 | D131: =INDEX(交易历史!C:C,MATCH(A131,交易历史!A:A,0)) -> #N/A
C132: =_xlfn.MAXIFS(交易历史!B:B,交易历史!A:A,A132) -> 0 | D132: =INDEX(交易历史!C:C,MATCH(A132,交易历史!A:A,0)) -> #N/A
C133: =_xlfn.MAXIFS(交易历史!B:B,交易历史!A:A,A133) -> 0 | D133: =INDEX(交易历史!C:C,MATCH(A133,交易历史!A:A,0)) -> #N/A
C134: =_xlfn.MAXIFS(交易历史!B:B,交易历史!A:A,A134) -> 0 | D134: =INDEX(交易历史!C:C,MATCH(A134,交易历史!A:A,0)) -> #N/A
C135: =_xlfn.MAXIFS(交易历史!B:B,交易历史!A:A,A135) -> 0 | D135: =INDEX(交易历史!C:C,MATCH(A135,交易历史!A:A,0)) -> #N/A
C136: =_xlfn.MAXIFS(交易历史!B:B,交易历史!A:A,A136) -> 0 | D136: =INDEX(交易历史!C:C,MATCH(A136,交易历史!A:A,0)) -> #N/A
C137: =_xlfn.MAXIFS(交易历史!B:B,交易历史!A:A,A137) -> 0 | D137: =INDEX(交易历史!C:C,MATCH(A137,交易历史!A:A,0)) -> #N/A
... C144: =_xlfn.MAXIFS(交易历史!B:B,交易历史!A:A,A144) -> 0 | D144: =INDEX(交易历史!C:C,MATCH(A144,交易历史!A:A,0)) -> #N/A
C166: 1000

Sheet 交易历史
A1: 2024年第二届梦幻联赛转会市场
A2: 队伍名称 | B2: 队伍资金 | C2: 剩余资金（单位：W） | D2: 账户状态 | E2: 队长名
A3: 【CbHz】吃饱喝足就是玩 | B3: ='队伍收入状况 '!D2 -> 2250 | C3: =B3-SUMIFS($B$11:$B$209,$C$11:$C$209,A3,$E$11:$E$209,"首轮交易")+SUMIFS($B$11:$B$209,$D$11:$D$209,A3,$E$11:$E$209,"首轮交易")-SUMIFS($B$11:$B$209,$C$11:$C$209,A3,$E$11:$E$209,"二轮交易")+SUMIFS($B$11:$B$209,$D$11:$D$209,A3,$E$11:$E$209,"二轮交易")-SUMIFS($B$11:$B$209,$C$11:$C$209,A3,$E$11:$E$209,"三轮交易")+SUMIFS($B$11:$B$209,$D$11:$D$209,A3,$E$11:$E$209,"三轮交易")-SUMIFS($B$11:$B$209,$C$11:$C$209,A3,$E$11:$E$209,"四轮交易")+SUMIFS($B$11:$B$209,$D$11:$D$209,A3,$E$11:$E$209,"四轮交易") -> 20 | D3: =IF(C3<=0,"超支",IF(C3<=500,"即将超支，剩余"&TEXT(C3,"0")&"W第纳尔","资金状况良好")) -> 即将超支，剩余20W第纳尔 | E3: 冲锋
A4: 【SSR】Superior Super Rare | B4: ='队伍收入状况 '!D3 -> 2550 | C4: =B4-SUMIFS(交易历史!$B$11:$B$209,交易历史!$C$11:$C$209,A4,交易历史!$E$11:$E$209,"首轮交易")+SUMIFS(交易历史!$B$11:$B$209,交易历史!$D$11:$D$209,A4,交易历史!$E$11:$E$209,"首轮交易")-SUMIFS(交易历史!$B$11:$B$209,交易历史!$C$11:$C$209,A4,交易历史!$E$11:$E$209,"二轮交易")+SUMIFS(交易历史!$B$11:$B$209,交易历史!$D$11:$D$209,A4,交易历史!$E$11:$E$209,"二轮交易")-SUMIFS(交易历史!$B$11:$B$209,交易历史!$C$11:$C$209,A4,交易历史!$E$11:$E$209,"三轮交易")+SUMIFS(交易历史!$B$11:$B$209,交易历史!$D$11:$D$209,A4,交易历史!$E$11:$E$209,"三轮交易")-SUMIFS(交易历史!$B$11:$B$209,交易历史!$C$11:$C$209,A4,交易历史!$E$11:$E$209,"四轮交易")+SUMIFS(交易历史!$B$11:$B$209,交易历史!$D$11:$D$209,A4,交易历史!$E$11:$E$209,"四轮交易") -> 0 | D4: =IF(C4<=0,"超支",IF(C4<=500,"即将超支，剩余"&TEXT(C4,"0")&"W第纳尔","资金状况良好")) -> 超支 | E4: 图派克
A5: 【OldH】老H犟嘴 | B5: ='队伍收入状况 '!D4 -> 2100 | C5: =B5-SUMIFS(交易历史!$B$11:$B$209,交易历史!$C$11:$C$209,A5,交易历史!$E$11:$E$209,"首轮交易")+SUMIFS(交易历史!$B$11:$B$209,交易历史!$D$11:$D$209,A5,交易历史!$E$11:$E$209,"首轮交易")-SUMIFS(交易历史!$B$11:$B$209,交易历史!$C$11:$C$209,A5,交易历史!$E$11:$E$209,"二轮交易")+SUMIFS(交易历史!$B$11:$B$209,交易历史!$D$11:$D$209,A5,交易历史!$E$11:$E$209,"二轮交易")-SUMIFS(交易历史!$B$11:$B$209,交易历史!$C$11:$C$209,A5,交易历史!$E$11:$E$209,"三轮交易")+SUMIFS(交易历史!$B$11:$B$209,交易历史!$D$11:$D$209,A5,交易历史!$E$11:$E$209,"三轮交易")-SUMIFS(交易历史!$B$11:$B$209,交易历史!$C$11:$C$209,A5,交易历史!$E$11:$E$209,"四轮交易")+SUMIFS(交易历史!$B$11:$B$209,交易历史!$D$11:$D$209,A5,交易历史!$E$11:$E$209,"四轮交易") -> 30 | D5: =IF(C5<=0,"超支",IF(C5<=500,"即将超支，剩余"&TEXT(C5,"0")&"W第纳尔","资金状况良好")) -> 即将超支，剩余30W第纳尔 | E5: 凯撒
A6: 【AWO】逃出生天 | B6: ='队伍收入状况 '!D5 -> 2200 | C6: =B6-SUMIFS(交易历史!$B$11:$B$209,交易历史!$C$11:$C$209,A6,交易历史!$E$11:$E$209,"首轮交易")+SUMIFS(交易历史!$B$11:$B$209,交易历史!$D$11:$D$209,A6,交易历史!$E$11:$E$209,"首轮交易")-SUMIFS(交易历史!$B$11:$B$209,交易历史!$C$11:$C$209,A6,交易历史!$E$11:$E$209,"二轮交易")+SUMIFS(交易历史!$B$11:$B$209,交易历史!$D$11:$D$209,A6,交易历史!$E$11:$E$209,"二轮交易")-SUMIFS(交易历史!$B$11:$B$209,交易历史!$C$11:$C$209,A6,交易历史!$E$11:$E$209,"三轮交易")+SUMIFS(交易历史!$B$11:$B$209,交易历史!$D$11:$D$209,A6,交易历史!$E$11:$E$209,"三轮交易")-SUMIFS(交易历史!$B$11:$B$209,交易历史!$C$11:$C$209,A6,交易历史!$E$11:$E$209,"四轮交易")+SUMIFS(交易历史!$B$11:$B$209,交易历史!$D$11:$D$209,A6,交易历史!$E$11:$E$209,"四轮交易") -> 630 | D6: =IF(C6<=0,"超支",IF(C6<=500,"即将超支，剩余"&TEXT(C6,"0")&"W第纳尔","资金状况良好")) -> 资金状况良好 | E6: 小山楂
A7: 【G2】G2‭ | B7: ='队伍收入状况 '!D6 -> 2200 | C7: =B7-SUMIFS(交易历史!$B$11:$B$209,交易历史!$C$11:$C$209,A7,交易历史!$E$11:$E$209,"首轮交易")+SUMIFS(交易历史!$B$11:$B$209,交易历史!$D$11:$D$209,A7,交易历史!$E$11:$E$209,"首轮交易")-SUMIFS(交易历史!$B$11:$B$209,交易历史!$C$11:$C$209,A7,交易历史!$E$11:$E$209,"二轮交易")+SUMIFS(交易历史!$B$11:$B$209,交易历史!$D$11:$D$209,A7,交易历史!$E$11:$E$209,"二轮交易")-SUMIFS(交易历史!$B$11:$B$209,交易历史!$C$11:$C$209,A7,交易历史!$E$11:$E$209,"三轮交易")+SUMIFS(交易历史!$B$11:$B$209,交易历史!$D$11:$D$209,A7,交易历史!$E$11:$E$209,"三轮交易")-SUMIFS(交易历史!$B$11:$B$209,交易历史!$C$11:$C$209,A7,交易历史!$E$11:$E$209,"四轮交易")+SUMIFS(交易历史!$B$11:$B$209,交易历史!$D$11:$D$209,A7,交易历史!$E$11:$E$209,"四轮交易") -> 90 | D7: =IF(C7<=0,"超支",IF(C7<=500,"即将超支，剩余"&TEXT(C7,"0")&"W第纳尔","资金状况良好")) -> 即将超支，剩余90W第纳尔 | E7: 米子
A8: 【TV】Team Vitality | B8: ='队伍收入状况 '!D7 -> 2200 | C8: =B8-SUMIFS(交易历史!$B$11:$B$209,交易历史!$C$11:$C$209,A8,交易历史!$E$11:$E$209,"首轮交易")+SUMIFS(交易历史!$B$11:$B$209,交易历史!$D$11:$D$209,A8,交易历史!$E$11:$E$209,"首轮交易")-SUMIFS(交易历史!$B$11:$B$209,交易历史!$C$11:$C$209,A8,交易历史!$E$11:$E$209,"二轮交易")+SUMIFS(交易历史!$B$11:$B$209,交易历史!$D$11:$D$209,A8,交易历史!$E$11:$E$209,"二轮交易")-SUMIFS(交易历史!$B$11:$B$209,交易历史!$C$11:$C$209,A8,交易历史!$E$11:$E$209,"三轮交易")+SUMIFS(交易历史!$B$11:$B$209,交易历史!$D$11:$D$209,A8,交易历史!$E$11:$E$209,"三轮交易")-SUMIFS(交易历史!$B$11:$B$209,交易历史!$C$11:$C$209,A8,交易历史!$E$11:$E$209,"四轮交易")+SUMIFS(交易历史!$B$11:$B$209,交易历史!$D$11:$D$209,A8,交易历史!$E$11:$E$209,"四轮交易") -> 90 | D8: =IF(C8<=0,"超支",IF(C8<=500,"即将超支，剩余"&TEXT(C8,"0")&"W第纳尔","资金状况良好")) -> 即将超支，剩余90W第纳尔 | E8: 赵毅
A9: 【Miniworld】迷你世界 | B9: ='队伍收入状况 '!D8 -> 2750 | C9: =B9-SUMIFS(交易历史!$B$11:$B$209,交易历史!$C$11:$C$209,A9,交易历史!$E$11:$E$209,"首轮交易")+SUMIFS(交易历史!$B$11:$B$209,交易历史!$D$11:$D$209,A9,交易历史!$E$11:$E$209,"首轮交易")-SUMIFS(交易历史!$B$11:$B$209,交易历史!$C$11:$C$209,A9,交易历史!$E$11:$E$209,"二轮交易")+SUMIFS(交易历史!$B$11:$B$209,交易历史!$D$11:$D$209,A9,交易历史!$E$11:$E$209,"二轮交易")-SUMIFS(交易历史!$B$11:$B$209,交易历史!$C$11:$C$209,A9,交易历史!$E$11:$E$209,"三轮交易")+SUMIFS(交易历史!$B$11:$B$209,交易历史!$D$11:$D$209,A9,交易历史!$E$11:$E$209,"三轮交易")-SUMIFS(交易历史!$B$11:$B$209,交易历史!$C$11:$C$209,A9,交易历史!$E$11:$E$209,"四轮交易")+SUMIFS(交易历史!$B$11:$B$209,交易历史!$D$11:$D$209,A9,交易历史!$E$11:$E$209,"四轮交易") -> 650 | D9: =IF(C9<=0,"超支",IF(C9<=500,"即将超支，剩余"&TEXT(C9,"0")&"W第纳尔","资金状况良好")) -> 资金状况良好 | E9: nane
A10: 【NikoFC】NikoCN Fanclub | B10: ='队伍收入状况 '!D9 -> 2700 | C10: =B10-SUMIFS(交易历史!$B$11:$B$209,交易历史!$C$11:$C$209,A10,交易历史!$E$11:$E$209,"首轮交易")+SUMIFS(交易历史!$B$11:$B$209,交易历史!$D$11:$D$209,A10,交易历史!$E$11:$E$209,"首轮交易")-SUMIFS(交易历史!$B$11:$B$209,交易历史!$C$11:$C$209,A10,交易历史!$E$11:$E$209,"二轮交易")+SUMIFS(交易历史!$B$11:$B$209,交易历史!$D$11:$D$209,A10,交易历史!$E$11:$E$209,"二轮交易")-SUMIFS(交易历史!$B$11:$B$209,交易历史!$C$11:$C$209,A10,交易历史!$E$11:$E$209,"三轮交易")+SUMIFS(交易历史!$B$11:$B$209,交易历史!$D$11:$D$209,A10,交易历史!$E$11:$E$209,"三轮交易")-SUMIFS(交易历史!$B$11:$B$209,交易历史!$C$11:$C$209,A10,交易历史!$E$11:$E$209,"四轮交易")+SUMIFS(交易历史!$B$11:$B$209,交易历史!$D$11:$D$209,A10,交易历史!$E$11:$E$209,"四轮交易") -> 360 | D10: =IF(C10<=0,"超支",IF(C10<=500,"即将超支，剩余"&TEXT(C10,"0")&"W第纳尔","资金状况良好")) -> 即将超支，剩余360W第纳尔 | E10: 梅森
A11: 球员昵称 | B11: 交易价格 | C11: 买入队伍 | D11: 卖出队伍 | E11: 交易窗口 | F11: 最终归属队伍 | G11: 最高身价
A12: xiaoliyu | B12: 0 | C12: 【G2】G2‭ | E12: 首轮交易 | F12: {=IFERROR(INDEX(交易历史!C:C,MATCH(1,(交易历史!A:A=A12)*(交易历史!E:E="四轮交易"),0)),IFERROR(INDEX(交易历史!C:C,MATCH(1,(交易历史!A:A=A12)*(交易历史!E:E="三轮交易"),0)),IFERROR(INDEX(交易历史!C:C,MATCH(1,(交易历史!A:A=A12)*(交易历史!E:E="二轮交易"),0)),IFERROR(INDEX(交易历史!C:C,MATCH(1,(交易历史!A:A=A12)*(交易历史!E:E="首轮交易"),0)),""))))} -> 【G2】G2‭ | G12: =IF(A12<>"",_xlfn.MAXIFS($B$12:$B$210,$A$12:$A$210,A12),"") -> 0 | H12: =IF(A12<>"",IF(COUNTIF($A12:$A$210,A12)=1,1,""),"") -> 1
A13: 小鱼 | B13: 80 | C13: 【SSR】Superior Super Rare | E13: 首轮交易 | F13: {=IFERROR(INDEX(交易历史!C:C,MATCH(1,(交易历史!A:A=A13)*(交易历史!E:E="四轮交易"),0)),IFERROR(INDEX(交易历史!C:C,MATCH(1,(交易历史!A:A=A13)*(交易历史!E:E="三轮交易"),0)),IFERROR(INDEX(交易历史!C:C,MATCH(1,(交易历史!A:A=A13)*(交易历史!E:E="二轮交易"),0)),IFERROR(INDEX(交易历史!C:C,MATCH(1,(交易历史!A:A=A13)*(交易历史!E:E="首轮交易"),0)),""))))} -> 【SSR】Superior Super Rare | G13: =IF(A13<>"",_xlfn.MAXIFS($B$12:$B$210,$A$12:$A$210,A13),"") -> 80 | H13: =IF(A13<>"",IF(COUNTIF($A13:$A$210,A13)=1,1,""),"") -> 1
A14: Mengdong | B14: 0 | C14: 【AWO】逃出生天 | E14: 首轮交易 | F14: {=IFERROR(INDEX(交易历史!C:C,MATCH(1,(交易历史!A:A=A14)*(交易历史!E:E="四轮交易"),0)),IFERROR(INDEX(交易历史!C:C,MATCH(1,(交易历史!A:A=A14)*(交易历史!E:E="三轮交易"),0)),IFERROR(INDEX(交易历史!C:C,MATCH(1,(交易历史!A:A=A14)*(交易历史!E:E="二轮交易"),0)),IFERROR(INDEX(交易历史!C:C,MATCH(1,(交易历史!A:A=A14)*(交易历史!E:E="首轮交易"),0)),""))))} -> 【AWO】逃出生天 | G14: =IF(A14<>"",_xlfn.MAXIFS($B$12:$B$210,$A$12:$A$210,A14),"") -> 0 | H14: =IF(A14<>"",IF(COUNTIF($A14:$A$210,A14)=1,1,""),"") -> 1
A15: awe23 | B15: 320 | C15: 【NikoFC】NikoCN Fanclub | E15: 首轮交易 | F15: {=IFERROR(INDEX(交易历史!C:C,MATCH(1,(交易历史!A:A=A15)*(交易历史!E:E="四轮交易"),0)),IFERROR(INDEX(交易历史!C:C,MATCH(1,(交易历史!A:A=A15)*(交易历史!E:E="三轮交易"),0)),IFERROR(INDEX(交易历史!C:C,MATCH(1,(交易历史!A:A=A15)*(交易历史!E:E="二轮交易"),0)),IFERROR(INDEX(交易历史!C:C,MATCH(1,(交易历史!A:A=A15)*(交易历史!E:E="首轮交易"),0)),""))))} -> 【NikoFC】NikoCN Fanclub | G15: =IF(A15<>"",_xlfn.MAXIFS($B$12:$B$210,$A$12:$A$210,A15),"") -> 320 | H15: =IF(A15<>"",IF(COUNTIF($A15:$A$210,A15)=1,1,""),"") -> 1
A16: 史蒂夫 | B16: 400 | C16: 【SSR】Superior Super Rare | E16: 首轮交易 | F16: {=IFERROR(INDEX(交易历史!C:C,MATCH(1,(交易历史!A:A=A16)*(交易历史!E:E="四轮交易"),0)),IFERROR(INDEX(交易历史!C:C,MATCH(1,(交易历史!A:A=A16)*(交易历史!E:E="三轮交易"),0)),IFERROR(INDEX(交易历史!C:C,MATCH(1,(交易历史!A:A=A16)*(交易历史!E:E="二轮交易"),0)),IFERROR(INDEX(交易历史!C:C,MATCH(1,(交易历史!A:A=A16)*(交易历史!E:E="首轮交易"),0)),""))))} -> 【SSR】Superior Super Rare | G16: =IF(A16<>"",_xlfn.MAXIFS($B$12:$B$210,$A$12:$A$210,A16),"") -> 400 | H16: =IF(A16<>"",IF(COUNTIF($A16:$A$210,A16)=1,1,""),"") -> 1
A17: f4 | B17: 600 | C17: 【TV】Team Vitality | E17: 首轮交易 | F17: {=IFERROR(INDEX(交易历史!C:C,MATCH(1,(交易历史!A:A=A17)*(交易历史!E:E="四轮交易"),0)),IFERROR(INDEX(交易历史!C:C,MATCH(1,(交易历史!A:A=A17)*(交易历史!E:E="三轮交易"),0)),IFERROR(INDEX(交易历史!C:C,MATCH(1,(交易历史!A:A=A17)*(交易历史!E:E="二轮交易"),0)),IFERROR(INDEX(交易历史!C:C,MATCH(1,(交易历史!A:A=A17)*(交易历史!E:E="首轮交易"),0)),""))))} -> 【TV】Team Vitality | G17: =IF(A17<>"",_xlfn.MAXIFS($B$12:$B$210,$A$12:$A$210,A17),"") -> 600 | H17: =IF(A17<>"",IF(COUNTIF($A17:$A$210,A17)=1,1,""),"") -> 1
A18: Bonaoart | B18: 100 | C18: 【NikoFC】NikoCN Fanclub | E18: 首轮交易 | F18: {=IFERROR(INDEX(交易历史!C:C,MATCH(1,(交易历史!A:A=A18)*(交易历史!E:E="四轮交易"),0)),IFERROR(INDEX(交易历史!C:C,MATCH(1,(交易历史!A:A=A18)*(交易历史!E:E="三轮交易"),0)),IFERROR(INDEX(交易历史!C:C,MATCH(1,(交易历史!A:A=A18)*(交易历史!E:E="二轮交易"),0)),IFERROR(INDEX(交易历史!C:C,MATCH(1,(交易历史!A:A=A18)*(交易历史!E:E="首轮交易"),0)),""))))} -> 【NikoFC】NikoCN Fanclub | G18: =IF(A18<>"",_xlfn.MAXIFS($B$12:$B$210,$A$12:$A$210,A18),"") -> 100 | H18: =IF(A18<>"",IF(COUNTIF($A18:$A$210,A18)=1,1,""),"") -> 1
A19: 哭丧 | B19: 80 | C19: 【Miniworld】迷你世界 | E19: 首轮交易 | F19: {=IFERROR(INDEX(交易历史!C:C,MATCH(1,(交易历史!A:A=A19)*(交易历史!E:E="四轮交易"),0)),IFERROR(INDEX(交易历史!C:C,MATCH(1,(交易历史!A:A=A19)*(交易历史!E:E="三轮交易"),0)),IFERROR(INDEX(交易历史!C:C,MATCH(1,(交易历史!A:A=A19)*(交易历史!E:E="二轮交易"),0)),IFERROR(INDEX(交易历史!C:C,MATCH(1,(交易历史!A:A=A19)*(交易历史!E:E="首轮交易"),0)),""))))} -> 【Miniworld】迷你世界 | G19: =IF(A19<>"",_xlfn.MAXIFS($B$12:$B$210,$A$12:$A$210,A19),"") -> 80 | H19: =IF(A19<>"",IF(COUNTIF($A19:$A$210,A19)=1,1,""),"") -> 1
A20: abin | B20: 10 | C20: 【TV】Team Vitality | E20: 首轮交易 | F20: {=IFERROR(INDEX(交易历史!C:C,MATCH(1,(交易历史!A:A=A20)*(交易历史!E:E="四轮交易"),0)),IFERROR(INDEX(交易历史!C:C,MATCH(1,(交易历史!A:A=A20)*(交易历史!E:E="三轮交易"),0)),IFERROR(INDEX(交易历史!C:C,MATCH(1,(交易历史!A:A=A20)*(交易历史!E:E="二轮交易"),0)),IFERROR(INDEX(交易历史!C:C,MATCH(1,(交易历史!A:A=A20)*(交易历史!E:E="首轮交易"),0)),""))))} -> 【TV】Team Vitality | G20: =IF(A20<>"",_xlfn.MAXIFS($B$12:$B$210,$A$12:$A$210,A20),"") -> 10 | H20: =IF(A20<>"",IF(COUNTIF($A20:$A$210,A20)=1,1,""),"") -> 1
A21: GJY | B21: 0 | C21: 【CbHz】吃饱喝足就是玩 | E21: 首轮交易 | F21: {=IFERROR(INDEX(交易历史!C:C,MATCH(1,(交易历史!A:A=A21)*(交易历史!E:E="四轮交易"),0)),IFERROR(INDEX(交易历史!C:C,MATCH(1,(交易历史!A:A=A21)*(交易历史!E:E="三轮交易"),0)),IFERROR(INDEX(交易历史!C:C,MATCH(1,(交易历史!A:A=A21)*(交易历史!E:E="二轮交易"),0)),IFERROR(INDEX(交易历史!C:C,MATCH(1,(交易历史!A:A=A21)*(交易历史!E:E="首轮交易"),0)),""))))} -> 【CbHz】吃饱喝足就是玩 | G21: =IF(A21<>"",_xlfn.MAXIFS($B$12:$B$210,$A$12:$A$210,A21),"") -> 0 | H21: =IF(A21<>"",IF(COUNTIF($A21:$A$210,A21)=1,1,""),"") -> 1
A22: AP-20 | B22: 20 | C22: 【TV】Team Vitality | E22: 首轮交易 | F22: {=IFERROR(INDEX(交易历史!C:C,MATCH(1,(交易历史!A:A=A22)*(交易历史!E:E="四轮交易"),0)),IFERROR(INDEX(交易历史!C:C,MATCH(1,(交易历史!A:A=A22)*(交易历史!E:E="三轮交易"),0)),IFERROR(INDEX(交易历史!C:C,MATCH(1,(交易历史!A:A=A22)*(交易历史!E:E="二轮交易"),0)),IFERROR(INDEX(交易历史!C:C,MATCH(1,(交易历史!A:A=A22)*(交易历史!E:E="首轮交易"),0)),""))))} -> 【TV】Team Vitality | G22: =IF(A22<>"",_xlfn.MAXIFS($B$12:$B$210,$A$12:$A$210,A22),"") -> 20 | H22: =IF(A22<>"",IF(COUNTIF($A22:$A$210,A22)=1,1,""),"") -> 1
A23: 王水灵 | B23: 10 | C23: 【SSR】Superior Super Rare | E23: 首轮交易 | F23: {=IFERROR(INDEX(交易历史!C:C,MATCH(1,(交易历史!A:A=A23)*(交易历史!E:E="四轮交易"),0)),IFERROR(INDEX(交易历史!C:C,MATCH(1,(交易历史!A:A=A23)*(交易历史!E:E="三轮交易"),0)),IFERROR(INDEX(交易历史!C:C,MATCH(1,(交易历史!A:A=A23)*(交易历史!E:E="二轮交易"),0)),IFERROR(INDEX(交易历史!C:C,MATCH(1,(交易历史!A:A=A23)*(交易历史!E:E="首轮交易"),0)),""))))} -> 【SSR】Superior Super Rare | G23: =IF(A23<>"",_xlfn.MAXIFS($B$12:$B$210,$A$12:$A$210,A23),"") -> 10 | H23: =IF(A23<>"",IF(COUNTIF($A23:$A$210,A23)=1,1,""),"") -> 1
... A93: 大西瓜 | B93: 100 | C93: 【OldH】老H犟嘴 | E93: 首轮交易 | F93: {=IFERROR(INDEX(交易历史!C:C,MATCH(1,(交易历史!A:A=A93)*(交易历史!E:E="四轮交易"),0)),IFERROR(INDEX(交易历史!C:C,MATCH(1,(交易历史!A:A=A93)*(交易历史!E:E="三轮交易"),0)),IFERROR(INDEX(交易历史!C:C,MATCH(1,(交易历史!A:A=A93)*(交易历史!E:E="二轮交易"),0)),IFERROR(INDEX(交易历史!C:C,MATCH(1,(交易历史!A:A=A93)*(交易历史!E:E="首轮交易"),0)),""))))} -> 【OldH】老H犟嘴 | G93: =IF(A93<>"",_xlfn.MAXIFS($B$12:$B$210,$A$12:$A$210,A93),"") -> 100 | H93: =IF(A93<>"",IF(COUNTIF($A93:$A$210,A93)=1,1,""),"") -> 1
A94: 白露 | E94: 首轮交易 | F94: {=IFERROR(INDEX(交易历史!C:C,MATCH(1,(交易历史!A:A=A94)*(交易历史!E:E="四轮交易"),0)),IFERROR(INDEX(交易历史!C:C,MATCH(1,(交易历史!A:A=A94)*(交易历史!E:E="三轮交易"),0)),IFERROR(INDEX(交易历史!C:C,MATCH(1,(交易历史!A:A=A94)*(交易历史!E:E="二轮交易"),0)),IFERROR(INDEX(交易历史!C:C,MATCH(1,(交易历史!A:A=A94)*(交易历史!E:E="首轮交易"),0)),""))))} -> 0 | G94: =IF(A94<>"",_xlfn.MAXIFS($B$12:$B$210,$A$12:$A$210,A94),"") -> 0 | H94: =IF(A94<>"",IF(COUNTIF($A94:$A$210,A94)=1,1,""),"") -> 1
A95: wind | E95: 首轮交易 | F95: {=IFERROR(INDEX(交易历史!C:C,MATCH(1,(交易历史!A:A=A95)*(交易历史!E:E="四轮交易"),0)),IFERROR(INDEX(交易历史!C:C,MATCH(1,(交易历史!A:A=A95)*(交易历史!E:E="三轮交易"),0)),IFERROR(INDEX(交易历史!C:C,MATCH(1,(交易历史!A:A=A95)*(交易历史!E:E="二轮交易"),0)),IFERROR(INDEX(交易历史!C:C,MATCH(1,(交易历史!A:A=A95)*(交易历史!E:E="首轮交易"),0)),""))))} -> 0 | G95: =IF(A95<>"",_xlfn.MAXIFS($B$12:$B$210,$A$12:$A$210,A95),"") -> 0 | H95: =IF(A95<>"",IF(COUNTIF($A95:$A$210,A95)=1,1,""),"") -> 1
A96: 波澜 | E96: 首轮交易 | F96: {=IFERROR(INDEX(交易历史!C:C,MATCH(1,(交易历史!A:A=A96)*(交易历史!E:E="四轮交易"),0)),IFERROR(INDEX(交易历史!C:C,MATCH(1,(交易历史!A:A=A96)*(交易历史!E:E="三轮交易"),0)),IFERROR(INDEX(交易历史!C:C,MATCH(1,(交易历史!A:A=A96)*(交易历史!E:E="二轮交易"),0)),IFERROR(INDEX(交易历史!C:C,MATCH(1,(交易历史!A:A=A96)*(交易历史!E:E="首轮交易"),0)),""))))} -> 0 | G96: =IF(A96<>"",_xlfn.MAXIFS($B$12:$B$210,$A$12:$A$210,A96),"") -> 0 | H96: =IF(A96<>"",IF(COUNTIF($A96:$A$210,A96)=1,1,""),"") -> 1
A97: YQS-Laozhongzhu | E97: 首轮交易 | F97: {=IFERROR(INDEX(交易历史!C:C,MATCH(1,(交易历史!A:A=A97)*(交易历史!E:E="四轮交易"),0)),IFERROR(INDEX(交易历史!C:C,MATCH(1,(交易历史!A:A=A97)*(交易历史!E:E="三轮交易"),0)),IFERROR(INDEX(交易历史!C:C,MATCH(1,(交易历史!A:A=A97)*(交易历史!E:E="二轮交易"),0)),IFERROR(INDEX(交易历史!C:C,MATCH(1,(交易历史!A:A=A97)*(交易历史!E:E="首轮交易"),0)),""))))} -> 0 | G97: =IF(A97<>"",_xlfn.MAXIFS($B$12:$B$210,$A$12:$A$210,A97),"") -> 0 | H97: =IF(A97<>"",IF(COUNTIF($A97:$A$210,A97)=1,1,""),"") -> 1
A98: TNT | E98: 首轮交易 | F98: {=IFERROR(INDEX(交易历史!C:C,MATCH(1,(交易历史!A:A=A98)*(交易历史!E:E="四轮交易"),0)),IFERROR(INDEX(交易历史!C:C,MATCH(1,(交易历史!A:A=A98)*(交易历史!E:E="三轮交易"),0)),IFERROR(INDEX(交易历史!C:C,MATCH(1,(交易历史!A:A=A98)*(交易历史!E:E="二轮交易"),0)),IFERROR(INDEX(交易历史!C:C,MATCH(1,(交易历史!A:A=A98)*(交易历史!E:E="首轮交易"),0)),""))))} -> 0 | G98: =IF(A98<>"",_xlfn.MAXIFS($B$12:$B$210,$A$12:$A$210,A98),"") -> 0 | H98: =IF(A98<>"",IF(COUNTIF($A98:$A$210,A98)=1,1,""),"") -> 1
A99: 天将 | E99: 首轮交易 | F99: {=IFERROR(INDEX(交易历史!C:C,MATCH(1,(交易历史!A:A=A99)*(交易历史!E:E="四轮交易"),0)),IFERROR(INDEX(交易历史!C:C,MATCH(1,(交易历史!A:A=A99)*(交易历史!E:E="三轮交易"),0)),IFERROR(INDEX(交易历史!C:C,MATCH(1,(交易历史!A:A=A99)*(交易历史!E:E="二轮交易"),0)),IFERROR(INDEX(交易历史!C:C,MATCH(1,(交易历史!A:A=A99)*(交易历史!E:E="首轮交易"),0)),""))))} -> 0 | G99: =IF(A99<>"",_xlfn.MAXIFS($B$12:$B$210,$A$12:$A$210,A99),"") -> 0 | H99: =IF(A99<>"",IF(COUNTIF($A99:$A$210,A99)=1,1,""),"") -> 1
A100: Rapier | E100: 首轮交易 | F100: {=IFERROR(INDEX(交易历史!C:C,MATCH(1,(交易历史!A:A=A100)*(交易历史!E:E="四轮交易"),0)),IFERROR(INDEX(交易历史!C:C,MATCH(1,(交易历史!A:A=A100)*(交易历史!E:E="三轮交易"),0)),IFERROR(INDEX(交易历史!C:C,MATCH(1,(交易历史!A:A=A100)*(交易历史!E:E="二轮交易"),0)),IFERROR(INDEX(交易历史!C:C,MATCH(1,(交易历史!A:A=A100)*(交易历史!E:E="首轮交易"),0)),""))))} -> 0 | G100: =IF(A100<>"",_xlfn.MAXIFS($B$12:$B$210,$A$12:$A$210,A100),"") -> 0 | H100: =IF(A100<>"",IF(COUNTIF($A100:$A$210,A100)=1,1,""),"") -> 1
A101: 鸡头 | E101: 首轮交易 | F101: {=IFERROR(INDEX(交易历史!C:C,MATCH(1,(交易历史!A:A=A101)*(交易历史!E:E="四轮交易"),0)),IFERROR(INDEX(交易历史!C:C,MATCH(1,(交易历史!A:A=A101)*(交易历史!E:E="三轮交易"),0)),IFERROR(INDEX(交易历史!C:C,MATCH(1,(交易历史!A:A=A101)*(交易历史!E:E="二轮交易"),0)),IFERROR(INDEX(交易历史!C:C,MATCH(1,(交易历史!A:A=A101)*(交易历史!E:E="首轮交易"),0)),""))))} -> 0 | G101: =IF(A101<>"",_xlfn.MAXIFS($B$12:$B$210,$A$12:$A$210,A101),"") -> 0 | H101: =IF(A101<>"",IF(COUNTIF($A101:$A$210,A101)=1,1,""),"") -> 1
A102: 888 | E102: 首轮交易 | F102: {=IFERROR(INDEX(交易历史!C:C,MATCH(1,(交易历史!A:A=A102)*(交易历史!E:E="四轮交易"),0)),IFERROR(INDEX(交易历史!C:C,MATCH(1,(交易历史!A:A=A102)*(交易历史!E:E="三轮交易"),0)),IFERROR(INDEX(交易历史!C:C,MATCH(1,(交易历史!A:A=A102)*(交易历史!E:E="二轮交易"),0)),IFERROR(INDEX(交易历史!C:C,MATCH(1,(交易历史!A:A=A102)*(交易历史!E:E="首轮交易"),0)),""))))} -> 0 | G102: =IF(A102<>"",_xlfn.MAXIFS($B$12:$B$210,$A$12:$A$210,A102),"") -> 0 | H102: =IF(A102<>"",IF(COUNTIF($A102:$A$210,A102)=1,1,""),"") -> 1
A103: 午马 | E103: 首轮交易 | F103: {=IFERROR(INDEX(交易历史!C:C,MATCH(1,(交易历史!A:A=A103)*(交易历史!E:E="四轮交易"),0)),IFERROR(INDEX(交易历史!C:C,MATCH(1,(交易历史!A:A=A103)*(交易历史!E:E="三轮交易"),0)),IFERROR(INDEX(交易历史!C:C,MATCH(1,(交易历史!A:A=A103)*(交易历史!E:E="二轮交易"),0)),IFERROR(INDEX(交易历史!C:C,MATCH(1,(交易历史!A:A=A103)*(交易历史!E:E="首轮交易"),0)),""))))} -> 0 | G103: =IF(A103<>"",_xlfn.MAXIFS($B$12:$B$210,$A$12:$A$210,A103),"") -> 0 | H103: =IF(A103<>"",IF(COUNTIF($A103:$A$210,A103)=1,1,""),"") -> 1
A104: xp | E104: 首轮交易 | F104: {=IFERROR(INDEX(交易历史!C:C,MATCH(1,(交易历史!A:A=A104)*(交易历史!E:E="四轮交易"),0)),IFERROR(INDEX(交易历史!C:C,MATCH(1,(交易历史!A:A=A104)*(交易历史!E:E="三轮交易"),0)),IFERROR(INDEX(交易历史!C:C,MATCH(1,(交易历史!A:A=A104)*(交易历史!E:E="二轮交易"),0)),IFERROR(INDEX(交易历史!C:C,MATCH(1,(交易历史!A:A=A104)*(交易历史!E:E="首轮交易"),0)),""))))} -> 0 | G104: =IF(A104<>"",_xlfn.MAXIFS($B$12:$B$210,$A$12:$A$210,A104),"") -> 0 | H104: =IF(A104<>"",IF(COUNTIF($A104:$A$210,A104)=1,1,""),"") -> 1
A105: 帅比大 | E105: 首轮交易 | F105: {=IFERROR(INDEX(交易历史!C:C,MATCH(1,(交易历史!A:A=A105)*(交易历史!E:E="四轮交易"),0)),IFERROR(INDEX(交易历史!C:C,MATCH(1,(交易历史!A:A=A105)*(交易历史!E:E="三轮交易"),0)),IFERROR(INDEX(交易历史!C:C,MATCH(1,(交易历史!A:A=A105)*(交易历史!E:E="二轮交易"),0)),IFERROR(INDEX(交易历史!C:C,MATCH(1,(交易历史!A:A=A105)*(交易历史!E:E="首轮交易"),0)),""))))} -> 0 | G105: =IF(A105<>"",_xlfn.MAXIFS($B$12:$B$210,$A$12:$A$210,A105),"") -> 0 | H105: =IF(A105<>"",IF(COUNTIF($A105:$A$210,A105)=1,1,""),"") -> 1
... A125: 牢云 | E125: 首轮交易 | F125: {=IFERROR(INDEX(交易历史!C:C,MATCH(1,(交易历史!A:A=A125)*(交易历史!E:E="四轮交易"),0)),IFERROR(INDEX(交易历史!C:C,MATCH(1,(交易历史!A:A=A125)*(交易历史!E:E="三轮交易"),0)),IFERROR(INDEX(交易历史!C:C,MATCH(1,(交易历史!A:A=A125)*(交易历史!E:E="二轮交易"),0)),IFERROR(INDEX(交易历史!C:C,MATCH(1,(交易历史!A:A=A125)*(交易历史!E:E="首轮交易"),0)),""))))} -> 0 | G125: =IF(A125<>"",_xlfn.MAXIFS($B$12:$B$210,$A$12:$A$210,A125),"") -> 0 | H125: =IF(A125<>"",IF(COUNTIF($A125:$A$210,A125)=1,1,""),"") -> 1
F126: {=IFERROR(INDEX(交易历史!C:C,MATCH(1,(交易历史!A:A=A126)*(交易历史!E:E="四轮交易"),0)),IFERROR(INDEX(交易历史!C:C,MATCH(1,(交易历史!A:A=A126)*(交易历史!E:E="三轮交易"),0)),IFERROR(INDEX(交易历史!C:C,MATCH(1,(交易历史!A:A=A126)*(交易历史!E:E="二轮交易"),0)),IFERROR(INDEX(交易历史!C:C,MATCH(1,(交易历史!A:A=A126)*(交易历史!E:E="首轮交易"),0)),""))))} | G126: =IF(A126<>"",_xlfn.MAXIFS($B$12:$B$210,$A$12:$A$210,A126),"") | H126: =IF(A126<>"",IF(COUNTIF($A126:$A$210,A126)=1,1,""),"")
F127: {=IFERROR(INDEX(交易历史!C:C,MATCH(1,(交易历史!A:A=A127)*(交易历史!E:E="四轮交易"),0)),IFERROR(INDEX(交易历史!C:C,MATCH(1,(交易历史!A:A=A127)*(交易历史!E:E="三轮交易"),0)),IFERROR(INDEX(交易历史!C:C,MATCH(1,(交易历史!A:A=A127)*(交易历史!E:E="二轮交易"),0)),IFERROR(INDEX(交易历史!C:C,MATCH(1,(交易历史!A:A=A127)*(交易历史!E:E="首轮交易"),0)),""))))} | G127: =IF(A127<>"",_xlfn.MAXIFS($B$12:$B$210,$A$12:$A$210,A127),"") | H127: =IF(A127<>"",IF(COUNTIF($A127:$A$210,A127)=1,1,""),"")
F128: {=IFERROR(INDEX(交易历史!C:C,MATCH(1,(交易历史!A:A=A128)*(交易历史!E:E="四轮交易"),0)),IFERROR(INDEX(交易历史!C:C,MATCH(1,(交易历史!A:A=A128)*(交易历史!E:E="三轮交易"),0)),IFERROR(INDEX(交易历史!C:C,MATCH(1,(交易历史!A:A=A128)*(交易历史!E:E="二轮交易"),0)),IFERROR(INDEX(交易历史!C:C,MATCH(1,(交易历史!A:A=A128)*(交易历史!E:E="首轮交易"),0)),""))))} | G128: =IF(A128<>"",_xlfn.MAXIFS($B$12:$B$210,$A$12:$A$210,A128),"") | H128: =IF(A128<>"",IF(COUNTIF($A128:$A$210,A128)=1,1,""),"")
F129: {=IFERROR(INDEX(交易历史!C:C,MATCH(1,(交易历史!A:A=A129)*(交易历史!E:E="四轮交易"),0)),IFERROR(INDEX(交易历史!C:C,MATCH(1,(交易历史!A:A=A129)*(交易历史!E:E="三轮交易"),0)),IFERROR(INDEX(交易历史!C:C,MATCH(1,(交易历史!A:A=A129)*(交易历史!E:E="二轮交易"),0)),IFERROR(INDEX(交易历史!C:C,MATCH(1,(交易历史!A:A=A129)*(交易历史!E:E="首轮交易"),0)),""))))} | G129: =IF(A129<>"",_xlfn.MAXIFS($B$12:$B$210,$A$12:$A$210,A129),"") | H129: =IF(A129<>"",IF(COUNTIF($A129:$A$210,A129)=1,1,""),"")
F130: {=IFERROR(INDEX(交易历史!C:C,MATCH(1,(交易历史!A:A=A130)*(交易历史!E:E="四轮交易"),0)),IFERROR(INDEX(交易历史!C:C,MATCH(1,(交易历史!A:A=A130)*(交易历史!E:E="三轮交易"),0)),IFERROR(INDEX(交易历史!C:C,MATCH(1,(交易历史!A:A=A130)*(交易历史!E:E="二轮交易"),0)),IFERROR(INDEX(交易历史!C:C,MATCH(1,(交易历史!A:A=A130)*(交易历史!E:E="首轮交易"),0)),""))))} | G130: =IF(A130<>"",_xlfn.MAXIFS($B$12:$B$210,$A$12:$A$210,A130),"") | H130: =IF(A130<>"",IF(COUNTIF($A130:$A$210,A130)=1,1,""),"")
F131: {=IFERROR(INDEX(交易历史!C:C,MATCH(1,(交易历史!A:A=A131)*(交易历史!E:E="四轮交易"),0)),IFERROR(INDEX(交易历史!C:C,MATCH(1,(交易历史!A:A=A131)*(交易历史!E:E="三轮交易"),0)),IFERROR(INDEX(交易历史!C:C,MATCH(1,(交易历史!A:A=A131)*(交易历史!E:E="二轮交易"),0)),IFERROR(INDEX(交易历史!C:C,MATCH(1,(交易历史!A:A=A131)*(交易历史!E:E="首轮交易"),0)),""))))} | G131: =IF(A131<>"",_xlfn.MAXIFS($B$12:$B$210,$A$12:$A$210,A131),"") | H131: =IF(A131<>"",IF(COUNTIF($A131:$A$210,A131)=1,1,""),"")
F132: {=IFERROR(INDEX(交易历史!C:C,MATCH(1,(交易历史!A:A=A132)*(交易历史!E:E="四轮交易"),0)),IFERROR(INDEX(交易历史!C:C,MATCH(1,(交易历史!A:A=A132)*(交易历史!E:E="三轮交易"),0)),IFERROR(INDEX(交易历史!C:C,MATCH(1,(交易历史!A:A=A132)*(交易历史!E:E="二轮交易"),0)),IFERROR(INDEX(交易历史!C:C,MATCH(1,(交易历史!A:A=A132)*(交易历史!E:E="首轮交易"),0)),""))))} | G132: =IF(A132<>"",_xlfn.MAXIFS($B$12:$B$210,$A$12:$A$210,A132),"") | H132: =IF(A132<>"",IF(COUNTIF($A132:$A$210,A132)=1,1,""),"")
F133: {=IFERROR(INDEX(交易历史!C:C,MATCH(1,(交易历史!A:A=A133)*(交易历史!E:E="四轮交易"),0)),IFERROR(INDEX(交易历史!C:C,MATCH(1,(交易历史!A:A=A133)*(交易历史!E:E="三轮交易"),0)),IFERROR(INDEX(交易历史!C:C,MATCH(1,(交易历史!A:A=A133)*(交易历史!E:E="二轮交易"),0)),IFERROR(INDEX(交易历史!C:C,MATCH(1,(交易历史!A:A=A133)*(交易历史!E:E="首轮交易"),0)),""))))} | G133: =IF(A133<>"",_xlfn.MAXIFS($B$12:$B$210,$A$12:$A$210,A133),"") | H133: =IF(A133<>"",IF(COUNTIF($A133:$A$210,A133)=1,1,""),"")
F134: {=IFERROR(INDEX(交易历史!C:C,MATCH(1,(交易历史!A:A=A134)*(交易历史!E:E="四轮交易"),0)),IFERROR(INDEX(交易历史!C:C,MATCH(1,(交易历史!A:A=A134)*(交易历史!E:E="三轮交易"),0)),IFERROR(INDEX(交易历史!C:C,MATCH(1,(交易历史!A:A=A134)*(交易历史!E:E="二轮交易"),0)),IFERROR(INDEX(交易历史!C:C,MATCH(1,(交易历史!A:A=A134)*(交易历史!E:E="首轮交易"),0)),""))))} | G134: =IF(A134<>"",_xlfn.MAXIFS($B$12:$B$210,$A$12:$A$210,A134),"") | H134: =IF(A134<>"",IF(COUNTIF($A134:$A$210,A134)=1,1,""),"")
F135: {=IFERROR(INDEX(交易历史!C:C,MATCH(1,(交易历史!A:A=A135)*(交易历史!E:E="四轮交易"),0)),IFERROR(INDEX(交易历史!C:C,MATCH(1,(交易历史!A:A=A135)*(交易历史!E:E="三轮交易"),0)),IFERROR(INDEX(交易历史!C:C,MATCH(1,(交易历史!A:A=A135)*(交易历史!E:E="二轮交易"),0)),IFERROR(INDEX(交易历史!C:C,MATCH(1,(交易历史!A:A=A135)*(交易历史!E:E="首轮交易"),0)),""))))} | G135: =IF(A135<>"",_xlfn.MAXIFS($B$12:$B$210,$A$12:$A$210,A135),"") | H135: =IF(A135<>"",IF(COUNTIF($A135:$A$210,A135)=1,1,""),"")
F136: {=IFERROR(INDEX(交易历史!C:C,MATCH(1,(交易历史!A:A=A136)*(交易历史!E:E="四轮交易"),0)),IFERROR(INDEX(交易历史!C:C,MATCH(1,(交易历史!A:A=A136)*(交易历史!E:E="三轮交易"),0)),IFERROR(INDEX(交易历史!C:C,MATCH(1,(交易历史!A:A=A136)*(交易历史!E:E="二轮交易"),0)),IFERROR(INDEX(交易历史!C:C,MATCH(1,(交易历史!A:A=A136)*(交易历史!E:E="首轮交易"),0)),""))))} | G136: =IF(A136<>"",_xlfn.MAXIFS($B$12:$B$210,$A$12:$A$210,A136),"") | H136: =IF(A136<>"",IF(COUNTIF($A136:$A$210,A136)=1,1,""),"")
F137: {=IFERROR(INDEX(交易历史!C:C,MATCH(1,(交易历史!A:A=A137)*(交易历史!E:E="四轮交易"),0)),IFERROR(INDEX(交易历史!C:C,MATCH(1,(交易历史!A:A=A137)*(交易历史!E:E="三轮交易"),0)),IFERROR(INDEX(交易历史!C:C,MATCH(1,(交易历史!A:A=A137)*(交易历史!E:E="二轮交易"),0)),IFERROR(INDEX(交易历史!C:C,MATCH(1,(交易历史!A:A=A137)*(交易历史!E:E="首轮交易"),0)),""))))} | G137: =IF(A137<>"",_xlfn.MAXIFS($B$12:$B$210,$A$12:$A$210,A137),"") | H137: =IF(A137<>"",IF(COUNTIF($A137:$A$210,A137)=1,1,""),"")
... F204: {=IFERROR(INDEX(交易历史!C:C,MATCH(1,(交易历史!A:A=A204)*(交易历史!E:E="四轮交易"),0)),IFERROR(INDEX(交易历史!C:C,MATCH(1,(交易历史!A:A=A204)*(交易历史!E:E="三轮交易"),0)),IFERROR(INDEX(交易历史!C:C,MATCH(1,(交易历史!A:A=A204)*(交易历史!E:E="二轮交易"),0)),IFERROR(INDEX(交易历史!C:C,MATCH(1,(交易历史!A:A=A204)*(交易历史!E:E="首轮交易"),0)),""))))} | G204: =IF(A204<>"",_xlfn.MAXIFS($B$12:$B$210,$A$12:$A$210,A204),"") | H204: =IF(A204<>"",IF(COUNTIF($A204:$A$210,A204)=1,1,""),"")
F205: {=IFERROR(INDEX(交易历史!C:C,MATCH(1,(交易历史!A:A=A205)*(交易历史!E:E="四轮交易"),0)),IFERROR(INDEX(交易历史!C:C,MATCH(1,(交易历史!A:A=A205)*(交易历史!E:E="三轮交易"),0)),IFERROR(INDEX(交易历史!C:C,MATCH(1,(交易历史!A:A=A205)*(交易历史!E:E="二轮交易"),0)),IFERROR(INDEX(交易历史!C:C,MATCH(1,(交易历史!A:A=A205)*(交易历史!E:E="首轮交易"),0)),""))))} | G205: =IF(A205<>"",_xlfn.MAXIFS($B$12:$B$210,$A$12:$A$210,A205),"") | H205: =IF(A127<>"",IF(COUNTIF($A127:$A$210,A127)=1,1,""),"")
F206: {=IFERROR(INDEX(交易历史!C:C,MATCH(1,(交易历史!A:A=A206)*(交易历史!E:E="四轮交易"),0)),IFERROR(INDEX(交易历史!C:C,MATCH(1,(交易历史!A:A=A206)*(交易历史!E:E="三轮交易"),0)),IFERROR(INDEX(交易历史!C:C,MATCH(1,(交易历史!A:A=A206)*(交易历史!E:E="二轮交易"),0)),IFERROR(INDEX(交易历史!C:C,MATCH(1,(交易历史!A:A=A206)*(交易历史!E:E="首轮交易"),0)),""))))} | G206: =IF(A206<>"",_xlfn.MAXIFS($B$12:$B$210,$A$12:$A$210,A206),"") | H206: =IF(A128<>"",IF(COUNTIF($A128:$A$210,A128)=1,1,""),"")
F207: {=IFERROR(INDEX(交易历史!C:C,MATCH(1,(交易历史!A:A=A207)*(交易历史!E:E="四轮交易"),0)),IFERROR(INDEX(交易历史!C:C,MATCH(1,(交易历史!A:A=A207)*(交易历史!E:E="三轮交易"),0)),IFERROR(INDEX(交易历史!C:C,MATCH(1,(交易历史!A:A=A207)*(交易历史!E:E="二轮交易"),0)),IFERROR(INDEX(交易历史!C:C,MATCH(1,(交易历史!A:A=A207)*(交易历史!E:E="首轮交易"),0)),""))))} | G207: =IF(A207<>"",_xlfn.MAXIFS($B$12:$B$210,$A$12:$A$210,A207),"") | H207: =IF(A129<>"",IF(COUNTIF($A129:$A$210,A129)=1,1,""),"")
F208: {=IFERROR(INDEX(交易历史!C:C,MATCH(1,(交易历史!A:A=A208)*(交易历史!E:E="四轮交易"),0)),IFERROR(INDEX(交易历史!C:C,MATCH(1,(交易历史!A:A=A208)*(交易历史!E:E="三轮交易"),0)),IFERROR(INDEX(交易历史!C:C,MATCH(1,(交易历史!A:A=A208)*(交易历史!E:E="二轮交易"),0)),IFERROR(INDEX(交易历史!C:C,MATCH(1,(交易历史!A:A=A208)*(交易历史!E:E="首轮交易"),0)),""))))} | G208: =IF(A208<>"",_xlfn.MAXIFS($B$12:$B$210,$A$12:$A$210,A208),"") | H208: =IF(A130<>"",IF(COUNTIF($A130:$A$210,A130)=1,1,""),"")
F209: {=IFERROR(INDEX(交易历史!C:C,MATCH(1,(交易历史!A:A=A209)*(交易历史!E:E="四轮交易"),0)),IFERROR(INDEX(交易历史!C:C,MATCH(1,(交易历史!A:A=A209)*(交易历史!E:E="三轮交易"),0)),IFERROR(INDEX(交易历史!C:C,MATCH(1,(交易历史!A:A=A209)*(交易历史!E:E="二轮交易"),0)),IFERROR(INDEX(交易历史!C:C,MATCH(1,(交易历史!A:A=A209)*(交易历史!E:E="首轮交易"),0)),""))))} | G209: =IF(A209<>"",_xlfn.MAXIFS($B$12:$B$210,$A$12:$A$210,A209),"") | H209: =IF(A131<>"",IF(COUNTIF($A131:$A$210,A131)=1,1,""),"")
F210: {=IFERROR(INDEX(交易历史!C:C,MATCH(1,(交易历史!A:A=A210)*(交易历史!E:E="四轮交易"),0)),IFERROR(INDEX(交易历史!C:C,MATCH(1,(交易历史!A:A=A210)*(交易历史!E:E="三轮交易"),0)),IFERROR(INDEX(交易历史!C:C,MATCH(1,(交易历史!A:A=A210)*(交易历史!E:E="二轮交易"),0)),IFERROR(INDEX(交易历史!C:C,MATCH(1,(交易历史!A:A=A210)*(交易历史!E:E="首轮交易"),0)),""))))} | H210: =IF(A132<>"",IF(COUNTIF($A132:$A$210,A132)=1,1,""),"")

Sheet 队伍总览 
B2: 【Cbhz】吃饱喝足就是玩 <1944993273> | F2: 【SSR】Superior Super Rare <2764659592> | J2: 【OldH】老H犟嘴 <3320553061> | N2: 【AWO】逃出生天 <740221391>
B3: 常用昵称 | C3: 身价（单位:w） | D3: 梦幻联赛ID | F3: 常用昵称 | G3: 身价（单位:w） | H3: 梦幻联赛ID | J3: 常用昵称 | K3: 身价（单位:w） | L3: 梦幻联赛ID | N3: 常用昵称 | O3: 身价（单位:w） | P3: 梦幻联赛ID
B4: 冲锋 | C4: 750 | F4: 图派克 | G4: 450 | J4: 凯撒 | K4: 900 | N4: Cooper | O4: 800
B5: {=IFERROR(_xlfn._xlws.FILTER(交易历史!$A$12:$A$210,(交易历史!$F$12:$F$210="【CbHz】吃饱喝足就是玩")*(交易历史!$H$12:$H$210=1)),"")} -> GJY | C5: {=IFERROR(_xlfn._xlws.FILTER(交易历史!$G$12:$G$210,(交易历史!$C$12:$C$210="【CbHz】吃饱喝足就是玩")*(交易历史!$H$12:$H$210=1)),"")} -> 0 | F5: {=IFERROR(_xlfn._xlws.FILTER(交易历史!$A$12:$A$210,(交易历史!$F$12:$F$210="【SSR】Superior Super Rare")*(交易历史!$H$12:$H$210=1)),"")} -> 小鱼 | G5: {=IFERROR(_xlfn._xlws.FILTER(交易历史!$G$12:$G$210,(交易历史!$C$12:$C$210="【SSR】Superior Super Rare")*(交易历史!$H$12:$H$210=1)),"")} -> 80 | J5: {=IFERROR(_xlfn._xlws.FILTER(交易历史!$A$12:$A$210,(交易历史!$F$12:$F$210="【OldH】老H犟嘴")*(交易历史!$H$12:$H$210=1)),"")} -> 宝爹 | K5: {=IFERROR(_xlfn._xlws.FILTER(交易历史!$G$12:$G$210,(交易历史!$C$12:$C$210="【OldH】老H犟嘴")*(交易历史!$H$12:$H$210=1)),"")} -> 360 | N5: {=IFERROR(_xlfn._xlws.FILTER(交易历史!$A$12:$A$210,(交易历史!$F$12:$F$210="【AWO】逃出生天")*(交易历史!$H$12:$H$210=1)),"")} -> Mengdong | O5: {=IFERROR(_xlfn._xlws.FILTER(交易历史!$G$12:$G$210,(交易历史!$C$12:$C$210="【AWO】逃出生天")*(交易历史!$H$12:$H$210=1)),"")} -> 0
B6: 豆子 | C6: 660 | F6: 史蒂夫 | G6: 400 | J6: 苏西斯 | K6: 100 | N6: HorN_kukuko | O6: 20
B7: 罗加 | C7: 0 | F7: 王水灵 | G7: 10 | J7: Ezio | K7: 30 | N7: DH | O7: 130
B8: twocat | C8: 0 | F8: Luvv | G8: 200 | J8: KR_YuXuan | K8: 500 | N8: parrot | O8: 80
B9: jmz | C9: 800 | F9: 艾拉AL | G9: 10 | J9: ai | K9: 100 | N9: 城府 | O9: 190
B10: baimayinqiang | C10: 10 | F10: 骑砍皇帝 | G10: 700 | J10: Motochika | K10: 160 | N10: knightzz | O10: 850
B11: IC | C11: 500 | F11: 小捷豹 | G11: 40 | J11: LSSL | K11: 90 | N11: 退休老人野望 | O11: 90
B12: xiaoye | C12: 0 | F12: 威廉 | G12: 700 | J12: shiran | K12: 380 | N12: 比伯 | O12: 210
B13: MANGOL | C13: 250 | F13: Able | G13: 410 | J13: havoc | K13: 150 | N13: XiaoRen | O13: 0
B14: 芬克 | C14: 0 | J14: 1911/Dogmeat | K14: 100
B15: 阿氰 | C15: 10 | J15: 大西瓜 | K15: 100
B20: =IFERROR(_xlfn._xlws.FILTER(转会市场!$A$12:$A$144,转会市场!$F$12:$F$144="【AWO】逃出'生天"),"") | C20: =IFERROR(_xlfn._xlws.FILTER(转会市场!$C$12:$C$144,转会市场!$F$12:$F$144="【AWO】逃出'生天"),"")
B21: =IFERROR(_xlfn._xlws.FILTER(转会市场!$A$12:$A$144,转会市场!$F$12:$F$144="【AWO】逃出'生天"),"") | C21: =IFERROR(_xlfn._xlws.FILTER(转会市场!$C$12:$C$144,转会市场!$F$12:$F$144="【AWO】逃出'生天"),"")
B22: =IFERROR(_xlfn._xlws.FILTER(转会市场!$A$12:$A$144,转会市场!$F$12:$F$144="【AWO】逃出'生天"),"") | C22: =IFERROR(_xlfn._xlws.FILTER(转会市场!$C$12:$C$144,转会市场!$F$12:$F$144="【AWO】逃出'生天"),"")
B23: 总身价 | F23: 总身价 | J23: 总身价 | N23: 总身价
B24: =SUM(C4:C23) -> 2980 | F24: =SUM(G4:G23) -> 3000 | J24: =SUM(K4:K23) -> 2970 | N24: =SUM(O4:O23) -> 2370
B25: =IFERROR(_xlfn._xlws.FILTER(转会市场!$A$12:$A$144,转会市场!$F$12:$F$144="【AWO】逃出'生天"),"") | C25: =IFERROR(_xlfn._xlws.FILTER(转会市场!$C$12:$C$144,转会市场!$F$12:$F$144="【AWO】逃出'生天"),"")
B26: =IFERROR(_xlfn._xlws.FILTER(转会市场!$A$12:$A$144,转会市场!$F$12:$F$144="【AWO】逃出'生天"),"") | C26: =IFERROR(_xlfn._xlws.FILTER(转会市场!$C$12:$C$144,转会市场!$F$12:$F$144="【AWO】逃出'生天"),"")
B27: =IFERROR(_xlfn._xlws.FILTER(转会市场!$A$12:$A$144,转会市场!$F$12:$F$144="【AWO】逃出'生天"),"") | C27: =IFERROR(_xlfn._xlws.FILTER(转会市场!$C$12:$C$144,转会市场!$F$12:$F$144="【AWO】逃出'生天"),"")
B28: =IFERROR(_xlfn._xlws.FILTER(转会市场!$A$12:$A$144,转会市场!$F$12:$F$144="【AWO】逃出'生天"),"") | C28: =IFERROR(_xlfn._xlws.FILTER(转会市场!$C$12:$C$144,转会市场!$F$12:$F$144="【AWO】逃出'生天"),"")
B29: =IFERROR(_xlfn._xlws.FILTER(转会市场!$A$12:$A$144,转会市场!$F$12:$F$144="【AWO】逃出'生天"),"") | C29: =IFERROR(_xlfn._xlws.FILTER(转会市场!$C$12:$C$144,转会市场!$F$12:$F$144="【AWO】逃出'生天"),"")
B30: =IFERROR(_xlfn._xlws.FILTER(转会市场!$A$12:$A$144,转会市场!$F$12:$F$144="【AWO】逃出'生天"),"") | C30: =IFERROR(_xlfn._xlws.FILTER(转会市场!$C$12:$C$144,转会市场!$F$12:$F$144="【AWO】逃出'生天"),"")
B31: =IFERROR(_xlfn._xlws.FILTER(转会市场!$A$12:$A$144,转会市场!$F$12:$F$144="【AWO】逃出'生天"),"") | C31: =IFERROR(_xlfn._xlws.FILTER(转会市场!$C$12:$C$144,转会市场!$F$12:$F$144="【AWO】逃出'生天"),"")
B32: =IFERROR(_xlfn._xlws.FILTER(转会市场!$A$12:$A$144,转会市场!$F$12:$F$144="【AWO】逃出'生天"),"") | C32: =IFERROR(_xlfn._xlws.FILTER(转会市场!$C$12:$C$144,转会市场!$F$12:$F$144="【AWO】逃出'生天"),"")
B33: =IFERROR(_xlfn._xlws.FILTER(转会市场!$A$12:$A$144,转会市场!$F$12:$F$144="【AWO】逃出'生天"),"") | C33: =IFERROR(_xlfn._xlws.FILTER(转会市场!$C$12:$C$144,转会市场!$F$12:$F$144="【AWO】逃出'生天"),"")
B34: 【G2】G2 <2682175052> | F34: 【TV】Team Vitality <1574911366> | J34: 【Miniworld】迷你世界 <2668013893> | N34: 【NikoFC】NikoCN Fanclub <1847932439>
B35: 常用昵称 | C35: 身价（单位:w） | D35: 梦幻联赛ID | F35: 常用昵称 | G35: 身价（单位:w） | H35: 梦幻联赛ID | J35: 常用昵称 | K35: 身价（单位:w） | L35: 梦幻联赛ID | N35: 常用昵称 | O35: 身价（单位:w） | P35: 梦幻联赛ID
B36: Zekken | C36: 800 | F36: zy | G36: 800 | J36: nane | K36: 250 | N36: 骑砍真神 | O36: 300
B37: {=IFERROR(_xlfn._xlws.FILTER(交易历史!$A$12:$A$210,(交易历史!$F$12:$F$210="【G2】G2")*(交易历史!$H$12:$H$210=1)),"")} -> xiaoliyu | C37: {=IFERROR(_xlfn._xlws.FILTER(交易历史!$G$12:$G$210,(交易历史!$C$12:$C$210="【G2】G2")*(交易历史!$H$12:$H$210=1)),"")} -> 0 | F37: {=IFERROR(_xlfn._xlws.FILTER(交易历史!$A$12:$A$210,(交易历史!$F$12:$F$210="【TV】Team Vitality")*(交易历史!$H$12:$H$210=1)),"")} -> f4 | G37: {=IFERROR(_xlfn._xlws.FILTER(交易历史!$G$12:$G$210,(交易历史!$C$12:$C$210="【TV】Team Vitality")*(交易历史!$H$12:$H$210=1)),"")} -> 600 | J37: {=IFERROR(_xlfn._xlws.FILTER(交易历史!$A$12:$A$210,(交易历史!$F$12:$F$210="【Miniworld】迷你世界")*(交易历史!$H$12:$H$210=1)),"")} -> 哭丧 | K37: {=IFERROR(_xlfn._xlws.FILTER(交易历史!$G$12:$G$210,(交易历史!$C$12:$C$210="【Miniworld】迷你世界")*(交易历史!$H$12:$H$210=1)),"")} -> 80 | N37: {=IFERROR(_xlfn._xlws.FILTER(交易历史!$A$12:$A$210,(交易历史!$F$12:$F$210="【NikoFC】NikoCN Fanclub")*(交易历史!$H$12:$H$210=1)),"")} -> awe23 | O37: {=IFERROR(_xlfn._xlws.FILTER(交易历史!$G$12:$G$210,(交易历史!$C$12:$C$210="【NikoFC】NikoCN Fanclub")*(交易历史!$H$12:$H$210=1)),"")} -> 320
B38: 233laoye | C38: 1000 | F38: abin | G38: 10 | J38: Tatum | K38: 350 | N38: Bonaoart | O38: 100
B39: 500 | C39: 0 | F39: AP-20 | G39: 20 | J39: KillerQuin | K39: 20 | N39: 果猫 | O39: 540
B40: Yoshino | C40: 350 | F40: 孟起 | G40: 20 | J40: 老鱼 | K40: 40 | N40: Mliya | O40: 50
B41: 末影 | C41: 190 | F41: Charlotte | G41: 60 | J41: AQI | K41: 20 | N41: YQS_dou_dou | O41: 30
B42: 大聪明、呆呆 | C42: 400 | F42: Lezalit | G42: 1000 | J42: Add | K42: 60 | N42: 淫荡 | O42: 510
B43: Maverick | C43: 140 | F43: 天帝哥哥 | G43: 10 | J43: Goganpa | K43: 30 | N43: comet | O43: 760
B44: 回火的头盖骨 | C44: 0 | F44: 冷夜 | G44: 20 | J44: diyuluguan | K44: 300 | N44: Gad_ALiang | O44: 10
B45: chengcheng | C45: 10 | F45: sy72sdf | G45: 120 | J45: 卡皇 | K45: 850 | N45: KT_riva | O45: 10
B46: Smile | C46: 0 | F46: 凯德 | G46: 120 | J46: 苏雨晴 | K46: 350 | N46: lirene | O46: 10
B47: 武田 | C47: 20 | F47: mama | G47: 130
B55: 总身价 | F55: 总身价 | J55: 总身价 | N55: 总身价
B56: =SUM(C36:C55) -> 2910 | F56: =SUM(G36:G55) -> 2910 | J56: =SUM(K36:K55) -> 2350 | N56: =SUM(O36:O55) -> 2640
B59: =IFERROR(_xlfn._xlws.FILTER(转会市场!$A$12:$A$144,转会市场!$F$12:$F$144="【NikoFC】NikoCN Fanclub"),"")
B60: =IFERROR(_xlfn._xlws.FILTER(转会市场!$A$12:$A$144,转会市场!$F$12:$F$144="【NikoFC】NikoCN Fanclub"),"")
B61: =IFERROR(_xlfn._xlws.FILTER(转会市场!$A$12:$A$144,转会市场!$F$12:$F$144="【NikoFC】NikoCN Fanclub"),"")

Sheet 队伍收入状况 
A1: 队伍名称 | B1: 队长ID | C1: 身价 | D1: 资金池 | E1: 剩余资金 | F1: 第一周奖金 | G1: 第二周奖金 | H1: 第三周奖金 | I1: 罚款 | J1: 道具使用
A2: 【CbHz】吃饱喝足就是玩 | B2: 冲锋 | C2: 750 | D2: =3000-C2+F2+G2+H2-I2-J2 -> 2250 | E2: =D2-SUMIFS(交易历史!B:B,交易历史!C:C,A2,交易历史!E:E,"首轮交易")+SUMIFS(交易历史!B:B,交易历史!D:D,A2,交易历史!E:E,"首轮交易")-SUMIFS(交易历史!B:B,交易历史!C:C,A2,交易历史!E:E,"二轮交易")+SUMIFS(交易历史!B:B,交易历史!D:D,A2,交易历史!E:E,"二轮交易")-SUMIFS(交易历史!B:B,交易历史!C:C,A2,交易历史!E:E,"三轮交易")+SUMIFS(交易历史!B:B,交易历史!D:D,A2,交易历史!E:E,"三轮交易")-SUMIFS(交易历史!B:B,交易历史!C:C,A2,交易历史!E:E,"四轮交易")+SUMIFS(交易历史!B:B,交易历史!D:D,A2,交易历史!E:E,"四轮交易") -> 20 | F2: =第一轮比赛!E14 -> 0 | G2: 0 | H2: 0 | I2: 0 | J2: 0
A3: 【SSR】Superior Super Rare | B3: 图派克 | C3: 450 | D3: =3000-C3+F3+G3+H3-I3-J3 -> 2550 | E3: =D3-SUMIFS(交易历史!B:B,交易历史!C:C,A3,交易历史!E:E,"首轮交易")+SUMIFS(交易历史!B:B,交易历史!D:D,A3,交易历史!E:E,"首轮交易")-SUMIFS(交易历史!B:B,交易历史!C:C,A3,交易历史!E:E,"二轮交易")+SUMIFS(交易历史!B:B,交易历史!D:D,A3,交易历史!E:E,"二轮交易")-SUMIFS(交易历史!B:B,交易历史!C:C,A3,交易历史!E:E,"三轮交易")+SUMIFS(交易历史!B:B,交易历史!D:D,A3,交易历史!E:E,"三轮交易")-SUMIFS(交易历史!B:B,交易历史!C:C,A3,交易历史!E:E,"四轮交易")+SUMIFS(交易历史!B:B,交易历史!D:D,A3,交易历史!E:E,"四轮交易") -> 0 | F3: =第一轮比赛!E15 -> 0 | G3: 0 | H3: 0 | I3: 0 | J3: 0
A4: 【OldH】老H犟嘴 | B4: 凯撒 | C4: 900 | D4: =3000-C4+F4+G4+H4-I4-J4 -> 2100 | E4: =D4-SUMIFS(交易历史!B:B,交易历史!C:C,A4,交易历史!E:E,"首轮交易")+SUMIFS(交易历史!B:B,交易历史!D:D,A4,交易历史!E:E,"首轮交易")-SUMIFS(交易历史!B:B,交易历史!C:C,A4,交易历史!E:E,"二轮交易")+SUMIFS(交易历史!B:B,交易历史!D:D,A4,交易历史!E:E,"二轮交易")-SUMIFS(交易历史!B:B,交易历史!C:C,A4,交易历史!E:E,"三轮交易")+SUMIFS(交易历史!B:B,交易历史!D:D,A4,交易历史!E:E,"三轮交易")-SUMIFS(交易历史!B:B,交易历史!C:C,A4,交易历史!E:E,"四轮交易")+SUMIFS(交易历史!B:B,交易历史!D:D,A4,交易历史!E:E,"四轮交易") -> 30 | F4: =第一轮比赛!E16 -> 0 | G4: 0 | H4: 0 | I4: 0 | J4: 0
A5: 【AWO】逃出生天 | B5: 小山楂 | C5: 800 | D5: =3000-C5+F5+G5+H5-I5-J5 -> 2200 | E5: =D5-SUMIFS(交易历史!B:B,交易历史!C:C,A5,交易历史!E:E,"首轮交易")+SUMIFS(交易历史!B:B,交易历史!D:D,A5,交易历史!E:E,"首轮交易")-SUMIFS(交易历史!B:B,交易历史!C:C,A5,交易历史!E:E,"二轮交易")+SUMIFS(交易历史!B:B,交易历史!D:D,A5,交易历史!E:E,"二轮交易")-SUMIFS(交易历史!B:B,交易历史!C:C,A5,交易历史!E:E,"三轮交易")+SUMIFS(交易历史!B:B,交易历史!D:D,A5,交易历史!E:E,"三轮交易")-SUMIFS(交易历史!B:B,交易历史!C:C,A5,交易历史!E:E,"四轮交易")+SUMIFS(交易历史!B:B,交易历史!D:D,A5,交易历史!E:E,"四轮交易") -> 630 | F5: =第一轮比赛!E17 -> 0 | G5: 0 | H5: 0 | I5: 0 | J5: 0
A6: 【G2】G2‭ | B6: 米子 | C6: 800 | D6: =3000-C6+F6+G6+H6-I6-J6 -> 2200 | E6: =D6-SUMIFS(交易历史!B:B,交易历史!C:C,A6,交易历史!E:E,"首轮交易")+SUMIFS(交易历史!B:B,交易历史!D:D,A6,交易历史!E:E,"首轮交易")-SUMIFS(交易历史!B:B,交易历史!C:C,A6,交易历史!E:E,"二轮交易")+SUMIFS(交易历史!B:B,交易历史!D:D,A6,交易历史!E:E,"二轮交易")-SUMIFS(交易历史!B:B,交易历史!C:C,A6,交易历史!E:E,"三轮交易")+SUMIFS(交易历史!B:B,交易历史!D:D,A6,交易历史!E:E,"三轮交易")-SUMIFS(交易历史!B:B,交易历史!C:C,A6,交易历史!E:E,"四轮交易")+SUMIFS(交易历史!B:B,交易历史!D:D,A6,交易历史!E:E,"四轮交易") -> 90 | F6: =第一轮比赛!E18 -> 0 | G6: 0 | H6: 0 | I6: 0 | J6: 0
A7: 【TV】Team Vitality | B7: 赵毅 | C7: 800 | D7: =3000-C7+F7+G7+H7-I7-J7 -> 2200 | E7: =D7-SUMIFS(交易历史!B:B,交易历史!C:C,A7,交易历史!E:E,"首轮交易")+SUMIFS(交易历史!B:B,交易历史!D:D,A7,交易历史!E:E,"首轮交易")-SUMIFS(交易历史!B:B,交易历史!C:C,A7,交易历史!E:E,"二轮交易")+SUMIFS(交易历史!B:B,交易历史!D:D,A7,交易历史!E:E,"二轮交易")-SUMIFS(交易历史!B:B,交易历史!C:C,A7,交易历史!E:E,"三轮交易")+SUMIFS(交易历史!B:B,交易历史!D:D,A7,交易历史!E:E,"三轮交易")-SUMIFS(交易历史!B:B,交易历史!C:C,A7,交易历史!E:E,"四轮交易")+SUMIFS(交易历史!B:B,交易历史!D:D,A7,交易历史!E:E,"四轮交易") -> 90 | F7: =第一轮比赛!E19 -> 0 | G7: 0 | H7: 0 | I7: 0 | J7: 0
A8: 【Miniworld】迷你世界 | B8: nane | C8: 250 | D8: =3000-C8+F8+G8+H8-I8-J8 -> 2750 | E8: =D8-SUMIFS(交易历史!B:B,交易历史!C:C,A8,交易历史!E:E,"首轮交易")+SUMIFS(交易历史!B:B,交易历史!D:D,A8,交易历史!E:E,"首轮交易")-SUMIFS(交易历史!B:B,交易历史!C:C,A8,交易历史!E:E,"二轮交易")+SUMIFS(交易历史!B:B,交易历史!D:D,A8,交易历史!E:E,"二轮交易")-SUMIFS(交易历史!B:B,交易历史!C:C,A8,交易历史!E:E,"三轮交易")+SUMIFS(交易历史!B:B,交易历史!D:D,A8,交易历史!E:E,"三轮交易")-SUMIFS(交易历史!B:B,交易历史!C:C,A8,交易历史!E:E,"四轮交易")+SUMIFS(交易历史!B:B,交易历史!D:D,A8,交易历史!E:E,"四轮交易") -> 650 | F8: =第一轮比赛!E20 -> 0 | G8: 0 | H8: 0 | I8: 0 | J8: 0
A9: 【NikoFC】NikoCN Fanclub | B9: 梅森 | C9: 300 | D9: =3000-C9+F9+G9+H9-I9-J9 -> 2700 | E9: =D9-SUMIFS(交易历史!B:B,交易历史!C:C,A9,交易历史!E:E,"首轮交易")+SUMIFS(交易历史!B:B,交易历史!D:D,A9,交易历史!E:E,"首轮交易")-SUMIFS(交易历史!B:B,交易历史!C:C,A9,交易历史!E:E,"二轮交易")+SUMIFS(交易历史!B:B,交易历史!D:D,A9,交易历史!E:E,"二轮交易")-SUMIFS(交易历史!B:B,交易历史!C:C,A9,交易历史!E:E,"三轮交易")+SUMIFS(交易历史!B:B,交易历史!D:D,A9,交易历史!E:E,"三轮交易")-SUMIFS(交易历史!B:B,交易历史!C:C,A9,交易历史!E:E,"四轮交易")+SUMIFS(交易历史!B:B,交易历史!D:D,A9,交易历史!E:E,"四轮交易") -> 360 | F9: =第一轮比赛!E21 -> 0 | G9: 0 | H9: 0 | I9: 0 | J9: 0

Sheet 第一轮比赛
A1: 积分表
A2: 队伍名称 | B2: 积分 | C2: 净胜分 | D2: 得分 | E2: 失分 | F2: 胜图数
A3: 【Cbhz】 | B3: =SUM(IF(($E$25=A3)*(($F$25+$F$26)<>0),IF($F$25>$F$26,3,IF($F$25<$F$26,0,1)),0),IF(($E$27=A3)*(($F$27+$F$28)<>0),IF($F$27>$F$28,3,IF($F$27<$F$28,0,1)),0),IF(($E$29=A3)*(($F$29+$F$30)<>0),IF($F$29>$F$30,3,IF($F$29<$F$30,0,1)),0),IF(($E$31=A3)*(($F$31+$F$32)<>0),IF($F$31>$F$32,3,IF($F$31<$F$32,0,1)),0),IF(($E$33=A3)*(($F$33+$F$34)<>0),IF($F$33>$F$34,3,IF($F$33<$F$34,0,1)),0),IF(($E$35=A3)*(($F$35+$F$36)<>0),IF($F$35>$F$36,3,IF($F$35<$F$36,0,1)),0),IF(($E$37=A3)*(($F$37+$F$38)<>0),IF($F$37>$F$38,3,IF($F$37<$F$38,0,1)),0),IF(($E$39=A3)*(($F$39+$F$40)<>0),IF($F$39>$F$40,3,IF($F$39<$F$40,0,1)),0),IF(($E$26=A3)*(($F$25+$F$26)<>0),IF($F$26>$F$25,3,IF($F$26<$F$25,0,1)),0),IF(($E$28=A3)*(($F$27+$F$28)<>0),IF($F$28>$F$27,3,IF($F$28<$F$27,0,1)),0),IF(($E$30=A3)*(($F$29+$F$30)<>0),IF($F$30>$F$29,3,IF($F$30<$F$29,0,1)),0),IF(($E$32=A3)*(($F$31+$F$32)<>0),IF($F$32>$F$31,3,IF($F$32<$F$31,0,1)),0),IF(($E$34=A3)*(($F$33+$F$34)<>0),IF($F$34>$F$33,3,IF($F$34<$F$33,0,1)),0),IF(($E$36=A3)*(($F$35+$F$36)<>0),IF($F$36>$F$35,3,IF($F$36<$F$35,0,1)),0),IF(($E$38=A3)*(($F$37+$F$38)<>0),IF($F$38>$F$37,3,IF($F$38<$F$37,0,1)),0),IF(($E$40=A3)*(($F$39+$F$40)<>0),IF($F$40>$F$39,3,IF($F$40<$F$39,0,1)),0)) -> 0 | C3: =D3-E3 -> 0 | D3: {=SUMPRODUCT(IF($E$25:$E$40=A3,$F$25:$F$40,0))} -> 0 | E3: {=SUMPRODUCT(IF(($E$25:$E$40=A3)*(MOD(ROW($E$25:$E$40)-ROW($E$25),2)=0),OFFSET($F$25:$F$40,1,0),0))+SUMPRODUCT(IF(($E$25:$E$40=A3)*(MOD(ROW($E$25:$E$40)-ROW($E$25),2)=1),OFFSET($F$25:$F$40,-1,0),0))} -> 0 | F3: {=SUMPRODUCT(IF($E$25:$E$40=A3,$G$25:$G$40,0))} -> 0
A4: 【SSR】 | B4: =SUM(IF(($E$25=A4)*(($F$25+$F$26)<>0),IF($F$25>$F$26,3,IF($F$25<$F$26,0,1)),0),IF(($E$27=A4)*(($F$27+$F$28)<>0),IF($F$27>$F$28,3,IF($F$27<$F$28,0,1)),0),IF(($E$29=A4)*(($F$29+$F$30)<>0),IF($F$29>$F$30,3,IF($F$29<$F$30,0,1)),0),IF(($E$31=A4)*(($F$31+$F$32)<>0),IF($F$31>$F$32,3,IF($F$31<$F$32,0,1)),0),IF(($E$33=A4)*(($F$33+$F$34)<>0),IF($F$33>$F$34,3,IF($F$33<$F$34,0,1)),0),IF(($E$35=A4)*(($F$35+$F$36)<>0),IF($F$35>$F$36,3,IF($F$35<$F$36,0,1)),0),IF(($E$37=A4)*(($F$37+$F$38)<>0),IF($F$37>$F$38,3,IF($F$37<$F$38,0,1)),0),IF(($E$39=A4)*(($F$39+$F$40)<>0),IF($F$39>$F$40,3,IF($F$39<$F$40,0,1)),0),IF(($E$26=A4)*(($F$25+$F$26)<>0),IF($F$26>$F$25,3,IF($F$26<$F$25,0,1)),0),IF(($E$28=A4)*(($F$27+$F$28)<>0),IF($F$28>$F$27,3,IF($F$28<$F$27,0,1)),0),IF(($E$30=A4)*(($F$29+$F$30)<>0),IF($F$30>$F$29,3,IF($F$30<$F$29,0,1)),0),IF(($E$32=A4)*(($F$31+$F$32)<>0),IF($F$32>$F$31,3,IF($F$32<$F$31,0,1)),0),IF(($E$34=A4)*(($F$33+$F$34)<>0),IF($F$34>$F$33,3,IF($F$34<$F$33,0,1)),0),IF(($E$36=A4)*(($F$35+$F$36)<>0),IF($F$36>$F$35,3,IF($F$36<$F$35,0,1)),0),IF(($E$38=A4)*(($F$37+$F$38)<>0),IF($F$38>$F$37,3,IF($F$38<$F$37,0,1)),0),IF(($E$40=A4)*(($F$39+$F$40)<>0),IF($F$40>$F$39,3,IF($F$40<$F$39,0,1)),0)) -> 0 | C4: {=SUMPRODUCT(IF(($E$25:$E$40=A4)*(MOD(ROW($F$25:$F$40)-ROW($F$25),2)=0),$F$25:$F$40-OFFSET($F$25:$F$40,1,0),0))+SUMPRODUCT(IF(($E$25:$E$40=A4)*(MOD(ROW($F$25:$F$40)-ROW($F$25),2)=1),OFFSET($F$25:$F$40,-1,0)-$F$25:$F$40,0))} -> 0 | D4: =SUMPRODUCT((($E$25:$E$40="【SSR】")*($F$25:$F$40))) -> 0 | E4: {=SUMPRODUCT(IF(($E$25:$E$40=A4)*(MOD(ROW($E$25:$E$40)-ROW($E$25),2)=0),OFFSET($F$25:$F$40,1,0),0))+SUMPRODUCT(IF(($E$25:$E$40=A4)*(MOD(ROW($E$25:$E$40)-ROW($E$25),2)=1),OFFSET($F$25:$F$40,-1,0),0))} -> 0 | F4: {=SUMPRODUCT(IF($E$25:$E$40=A4,$G$25:$G$40,0))} -> 0
A5: 【OldH】 | B5: =SUM(IF(($E$25=A5)*(($F$25+$F$26)<>0),IF($F$25>$F$26,3,IF($F$25<$F$26,0,1)),0),IF(($E$27=A5)*(($F$27+$F$28)<>0),IF($F$27>$F$28,3,IF($F$27<$F$28,0,1)),0),IF(($E$29=A5)*(($F$29+$F$30)<>0),IF($F$29>$F$30,3,IF($F$29<$F$30,0,1)),0),IF(($E$31=A5)*(($F$31+$F$32)<>0),IF($F$31>$F$32,3,IF($F$31<$F$32,0,1)),0),IF(($E$33=A5)*(($F$33+$F$34)<>0),IF($F$33>$F$34,3,IF($F$33<$F$34,0,1)),0),IF(($E$35=A5)*(($F$35+$F$36)<>0),IF($F$35>$F$36,3,IF($F$35<$F$36,0,1)),0),IF(($E$37=A5)*(($F$37+$F$38)<>0),IF($F$37>$F$38,3,IF($F$37<$F$38,0,1)),0),IF(($E$39=A5)*(($F$39+$F$40)<>0),IF($F$39>$F$40,3,IF($F$39<$F$40,0,1)),0),IF(($E$26=A5)*(($F$25+$F$26)<>0),IF($F$26>$F$25,3,IF($F$26<$F$25,0,1)),0),IF(($E$28=A5)*(($F$27+$F$28)<>0),IF($F$28>$F$27,3,IF($F$28<$F$27,0,1)),0),IF(($E$30=A5)*(($F$29+$F$30)<>0),IF($F$30>$F$29,3,IF($F$30<$F$29,0,1)),0),IF(($E$32=A5)*(($F$31+$F$32)<>0),IF($F$32>$F$31,3,IF($F$32<$F$31,0,1)),0),IF(($E$34=A5)*(($F$33+$F$34)<>0),IF($F$34>$F$33,3,IF($F$34<$F$33,0,1)),0),IF(($E$36=A5)*(($F$35+$F$36)<>0),IF($F$36>$F$35,3,IF($F$36<$F$35,0,1)),0),IF(($E$38=A5)*(($F$37+$F$38)<>0),IF($F$38>$F$37,3,IF($F$38<$F$37,0,1)),0),IF(($E$40=A5)*(($F$39+$F$40)<>0),IF($F$40>$F$39,3,IF($F$40<$F$39,0,1)),0)) -> 0 | C5: {=SUMPRODUCT(IF(($E$25:$E$40=A5)*(MOD(ROW($F$25:$F$40)-ROW($F$25),2)=0),$F$25:$F$40-OFFSET($F$25:$F$40,1,0),0))+SUMPRODUCT(IF(($E$25:$E$40=A5)*(MOD(ROW($F$25:$F$40)-ROW($F$25),2)=1),OFFSET($F$25:$F$40,-1,0)-$F$25:$F$40,0))} -> 0 | D5: =SUMPRODUCT((($E$25:$E$40="【OldH】")*($F$25:$F$40))) -> 0 | E5: {=SUMPRODUCT(IF(($E$25:$E$40=A5)*(MOD(ROW($E$25:$E$40)-ROW($E$25),2)=0),OFFSET($F$25:$F$40,1,0),0))+SUMPRODUCT(IF(($E$25:$E$40=A5)*(MOD(ROW($E$25:$E$40)-ROW($E$25),2)=1),OFFSET($F$25:$F$40,-1,0),0))} -> 0 | F5: {=SUMPRODUCT(IF($E$25:$E$40=A5,$G$25:$G$40,0))} -> 0
A6: 【AWO】 | B6: =SUM(IF(($E$25=A6)*(($F$25+$F$26)<>0),IF($F$25>$F$26,3,IF($F$25<$F$26,0,1)),0),IF(($E$27=A6)*(($F$27+$F$28)<>0),IF($F$27>$F$28,3,IF($F$27<$F$28,0,1)),0),IF(($E$29=A6)*(($F$29+$F$30)<>0),IF($F$29>$F$30,3,IF($F$29<$F$30,0,1)),0),IF(($E$31=A6)*(($F$31+$F$32)<>0),IF($F$31>$F$32,3,IF($F$31<$F$32,0,1)),0),IF(($E$33=A6)*(($F$33+$F$34)<>0),IF($F$33>$F$34,3,IF($F$33<$F$34,0,1)),0),IF(($E$35=A6)*(($F$35+$F$36)<>0),IF($F$35>$F$36,3,IF($F$35<$F$36,0,1)),0),IF(($E$37=A6)*(($F$37+$F$38)<>0),IF($F$37>$F$38,3,IF($F$37<$F$38,0,1)),0),IF(($E$39=A6)*(($F$39+$F$40)<>0),IF($F$39>$F$40,3,IF($F$39<$F$40,0,1)),0),IF(($E$26=A6)*(($F$25+$F$26)<>0),IF($F$26>$F$25,3,IF($F$26<$F$25,0,1)),0),IF(($E$28=A6)*(($F$27+$F$28)<>0),IF($F$28>$F$27,3,IF($F$28<$F$27,0,1)),0),IF(($E$30=A6)*(($F$29+$F$30)<>0),IF($F$30>$F$29,3,IF($F$30<$F$29,0,1)),0),IF(($E$32=A6)*(($F$31+$F$32)<>0),IF($F$32>$F$31,3,IF($F$32<$F$31,0,1)),0),IF(($E$34=A6)*(($F$33+$F$34)<>0),IF($F$34>$F$33,3,IF($F$34<$F$33,0,1)),0),IF(($E$36=A6)*(($F$35+$F$36)<>0),IF($F$36>$F$35,3,IF($F$36<$F$35,0,1)),0),IF(($E$38=A6)*(($F$37+$F$38)<>0),IF($F$38>$F$37,3,IF($F$38<$F$37,0,1)),0),IF(($E$40=A6)*(($F$39+$F$40)<>0),IF($F$40>$F$39,3,IF($F$40<$F$39,0,1)),0)) -> 0 | C6: {=SUMPRODUCT(IF(($E$25:$E$40=A6)*(MOD(ROW($F$25:$F$40)-ROW($F$25),2)=0),$F$25:$F$40-OFFSET($F$25:$F$40,1,0),0))+SUMPRODUCT(IF(($E$25:$E$40=A6)*(MOD(ROW($F$25:$F$40)-ROW($F$25),2)=1),OFFSET($F$25:$F$40,-1,0)-$F$25:$F$40,0))} -> 0 | D6: =SUMPRODUCT((($E$25:$E$40="【AWO】")*($F$25:$F$40))) -> 0 | E6: {=SUMPRODUCT(IF(($E$25:$E$40=A6)*(MOD(ROW($E$25:$E$40)-ROW($E$25),2)=0),OFFSET($F$25:$F$40,1,0),0))+SUMPRODUCT(IF(($E$25:$E$40=A6)*(MOD(ROW($E$25:$E$40)-ROW($E$25),2)=1),OFFSET($F$25:$F$40,-1,0),0))} -> 0 | F6: {=SUMPRODUCT(IF($E$25:$E$40=A6,$G$25:$G$40,0))} -> 0
A7: 【G2】 | B7: =SUM(IF(($E$25=A7)*(($F$25+$F$26)<>0),IF($F$25>$F$26,3,IF($F$25<$F$26,0,1)),0),IF(($E$27=A7)*(($F$27+$F$28)<>0),IF($F$27>$F$28,3,IF($F$27<$F$28,0,1)),0),IF(($E$29=A7)*(($F$29+$F$30)<>0),IF($F$29>$F$30,3,IF($F$29<$F$30,0,1)),0),IF(($E$31=A7)*(($F$31+$F$32)<>0),IF($F$31>$F$32,3,IF($F$31<$F$32,0,1)),0),IF(($E$33=A7)*(($F$33+$F$34)<>0),IF($F$33>$F$34,3,IF($F$33<$F$34,0,1)),0),IF(($E$35=A7)*(($F$35+$F$36)<>0),IF($F$35>$F$36,3,IF($F$35<$F$36,0,1)),0),IF(($E$37=A7)*(($F$37+$F$38)<>0),IF($F$37>$F$38,3,IF($F$37<$F$38,0,1)),0),IF(($E$39=A7)*(($F$39+$F$40)<>0),IF($F$39>$F$40,3,IF($F$39<$F$40,0,1)),0),IF(($E$26=A7)*(($F$25+$F$26)<>0),IF($F$26>$F$25,3,IF($F$26<$F$25,0,1)),0),IF(($E$28=A7)*(($F$27+$F$28)<>0),IF($F$28>$F$27,3,IF($F$28<$F$27,0,1)),0),IF(($E$30=A7)*(($F$29+$F$30)<>0),IF($F$30>$F$29,3,IF($F$30<$F$29,0,1)),0),IF(($E$32=A7)*(($F$31+$F$32)<>0),IF($F$32>$F$31,3,IF($F$32<$F$31,0,1)),0),IF(($E$34=A7)*(($F$33+$F$34)<>0),IF($F$34>$F$33,3,IF($F$34<$F$33,0,1)),0),IF(($E$36=A7)*(($F$35+$F$36)<>0),IF($F$36>$F$35,3,IF($F$36<$F$35,0,1)),0),IF(($E$38=A7)*(($F$37+$F$38)<>0),IF($F$38>$F$37,3,IF($F$38<$F$37,0,1)),0),IF(($E$40=A7)*(($F$39+$F$40)<>0),IF($F$40>$F$39,3,IF($F$40<$F$39,0,1)),0)) -> 0 | C7: {=SUMPRODUCT(IF(($E$25:$E$40=A7)*(MOD(ROW($F$25:$F$40)-ROW($F$25),2)=0),$F$25:$F$40-OFFSET($F$25:$F$40,1,0),0))+SUMPRODUCT(IF(($E$25:$E$40=A7)*(MOD(ROW($F$25:$F$40)-ROW($F$25),2)=1),OFFSET($F$25:$F$40,-1,0)-$F$25:$F$40,0))} -> 0 | D7: =SUMPRODUCT((($E$25:$E$40="【G2】")*($F$25:$F$40))) -> 0 | E7: {=SUMPRODUCT(IF(($E$25:$E$40=A7)*(MOD(ROW($E$25:$E$40)-ROW($E$25),2)=0),OFFSET($F$25:$F$40,1,0),0))+SUMPRODUCT(IF(($E$25:$E$40=A7)*(MOD(ROW($E$25:$E$40)-ROW($E$25),2)=1),OFFSET($F$25:$F$40,-1,0),0))} -> 0 | F7: {=SUMPRODUCT(IF($E$25:$E$40=A7,$G$25:$G$40,0))} -> 0
A8: 【TV】 | B8: =SUM(IF(($E$25=A8)*(($F$25+$F$26)<>0),IF($F$25>$F$26,3,IF($F$25<$F$26,0,1)),0),IF(($E$27=A8)*(($F$27+$F$28)<>0),IF($F$27>$F$28,3,IF($F$27<$F$28,0,1)),0),IF(($E$29=A8)*(($F$29+$F$30)<>0),IF($F$29>$F$30,3,IF($F$29<$F$30,0,1)),0),IF(($E$31=A8)*(($F$31+$F$32)<>0),IF($F$31>$F$32,3,IF($F$31<$F$32,0,1)),0),IF(($E$33=A8)*(($F$33+$F$34)<>0),IF($F$33>$F$34,3,IF($F$33<$F$34,0,1)),0),IF(($E$35=A8)*(($F$35+$F$36)<>0),IF($F$35>$F$36,3,IF($F$35<$F$36,0,1)),0),IF(($E$37=A8)*(($F$37+$F$38)<>0),IF($F$37>$F$38,3,IF($F$37<$F$38,0,1)),0),IF(($E$39=A8)*(($F$39+$F$40)<>0),IF($F$39>$F$40,3,IF($F$39<$F$40,0,1)),0),IF(($E$26=A8)*(($F$25+$F$26)<>0),IF($F$26>$F$25,3,IF($F$26<$F$25,0,1)),0),IF(($E$28=A8)*(($F$27+$F$28)<>0),IF($F$28>$F$27,3,IF($F$28<$F$27,0,1)),0),IF(($E$30=A8)*(($F$29+$F$30)<>0),IF($F$30>$F$29,3,IF($F$30<$F$29,0,1)),0),IF(($E$32=A8)*(($F$31+$F$32)<>0),IF($F$32>$F$31,3,IF($F$32<$F$31,0,1)),0),IF(($E$34=A8)*(($F$33+$F$34)<>0),IF($F$34>$F$33,3,IF($F$34<$F$33,0,1)),0),IF(($E$36=A8)*(($F$35+$F$36)<>0),IF($F$36>$F$35,3,IF($F$36<$F$35,0,1)),0),IF(($E$38=A8)*(($F$37+$F$38)<>0),IF($F$38>$F$37,3,IF($F$38<$F$37,0,1)),0),IF(($E$40=A8)*(($F$39+$F$40)<>0),IF($F$40>$F$39,3,IF($F$40<$F$39,0,1)),0)) -> 0 | C8: {=SUMPRODUCT(IF(($E$25:$E$40=A8)*(MOD(ROW($F$25:$F$40)-ROW($F$25),2)=0),$F$25:$F$40-OFFSET($F$25:$F$40,1,0),0))+SUMPRODUCT(IF(($E$25:$E$40=A8)*(MOD(ROW($F$25:$F$40)-ROW($F$25),2)=1),OFFSET($F$25:$F$40,-1,0)-$F$25:$F$40,0))} -> 0 | D8: =SUMPRODUCT((($E$25:$E$40="【TV】")*($F$25:$F$40))) -> 0 | E8: {=SUMPRODUCT(IF(($E$25:$E$40=A8)*(MOD(ROW($E$25:$E$40)-ROW($E$25),2)=0),OFFSET($F$25:$F$40,1,0),0))+SUMPRODUCT(IF(($E$25:$E$40=A8)*(MOD(ROW($E$25:$E$40)-ROW($E$25),2)=1),OFFSET($F$25:$F$40,-1,0),0))} -> 0 | F8: {=SUMPRODUCT(IF($E$25:$E$40=A8,$G$25:$G$40,0))} -> 0
A9: 【Miniworld】 | B9: =SUM(IF(($E$25=A9)*(($F$25+$F$26)<>0),IF($F$25>$F$26,3,IF($F$25<$F$26,0,1)),0),IF(($E$27=A9)*(($F$27+$F$28)<>0),IF($F$27>$F$28,3,IF($F$27<$F$28,0,1)),0),IF(($E$29=A9)*(($F$29+$F$30)<>0),IF($F$29>$F$30,3,IF($F$29<$F$30,0,1)),0),IF(($E$31=A9)*(($F$31+$F$32)<>0),IF($F$31>$F$32,3,IF($F$31<$F$32,0,1)),0),IF(($E$33=A9)*(($F$33+$F$34)<>0),IF($F$33>$F$34,3,IF($F$33<$F$34,0,1)),0),IF(($E$35=A9)*(($F$35+$F$36)<>0),IF($F$35>$F$36,3,IF($F$35<$F$36,0,1)),0),IF(($E$37=A9)*(($F$37+$F$38)<>0),IF($F$37>$F$38,3,IF($F$37<$F$38,0,1)),0),IF(($E$39=A9)*(($F$39+$F$40)<>0),IF($F$39>$F$40,3,IF($F$39<$F$40,0,1)),0),IF(($E$26=A9)*(($F$25+$F$26)<>0),IF($F$26>$F$25,3,IF($F$26<$F$25,0,1)),0),IF(($E$28=A9)*(($F$27+$F$28)<>0),IF($F$28>$F$27,3,IF($F$28<$F$27,0,1)),0),IF(($E$30=A9)*(($F$29+$F$30)<>0),IF($F$30>$F$29,3,IF($F$30<$F$29,0,1)),0),IF(($E$32=A9)*(($F$31+$F$32)<>0),IF($F$32>$F$31,3,IF($F$32<$F$31,0,1)),0),IF(($E$34=A9)*(($F$33+$F$34)<>0),IF($F$34>$F$33,3,IF($F$34<$F$33,0,1)),0),IF(($E$36=A9)*(($F$35+$F$36)<>0),IF($F$36>$F$35,3,IF($F$36<$F$35,0,1)),0),IF(($E$38=A9)*(($F$37+$F$38)<>0),IF($F$38>$F$37,3,IF($F$38<$F$37,0,1)),0),IF(($E$40=A9)*(($F$39+$F$40)<>0),IF($F$40>$F$39,3,IF($F$40<$F$39,0,1)),0)) -> 0 | C9: {=SUMPRODUCT(IF(($E$25:$E$40=A9)*(MOD(ROW($F$25:$F$40)-ROW($F$25),2)=0),$F$25:$F$40-OFFSET($F$25:$F$40,1,0),0))+SUMPRODUCT(IF(($E$25:$E$40=A9)*(MOD(ROW($F$25:$F$40)-ROW($F$25),2)=1),OFFSET($F$25:$F$40,-1,0)-$F$25:$F$40,0))} -> 0 | D9: =SUMPRODUCT((($E$25:$E$40="【Miniworld】")*($F$25:$F$40))) -> 0 | E9: {=SUMPRODUCT(IF(($E$25:$E$40=A9)*(MOD(ROW($E$25:$E$40)-ROW($E$25),2)=0),OFFSET($F$25:$F$40,1,0),0))+SUMPRODUCT(IF(($E$25:$E$40=A9)*(MOD(ROW($E$25:$E$40)-ROW($E$25),2)=1),OFFSET($F$25:$F$40,-1,0),0))} -> 0 | F9: {=SUMPRODUCT(IF($E$25:$E$40=A9,$G$25:$G$40,0))} -> 0
A10: 【NikoFC】 | B10: =SUM(IF(($E$25=A10)*(($F$25+$F$26)<>0),IF($F$25>$F$26,3,IF($F$25<$F$26,0,1)),0),IF(($E$27=A10)*(($F$27+$F$28)<>0),IF($F$27>$F$28,3,IF($F$27<$F$28,0,1)),0),IF(($E$29=A10)*(($F$29+$F$30)<>0),IF($F$29>$F$30,3,IF($F$29<$F$30,0,1)),0),IF(($E$31=A10)*(($F$31+$F$32)<>0),IF($F$31>$F$32,3,IF($F$31<$F$32,0,1)),0),IF(($E$33=A10)*(($F$33+$F$34)<>0),IF($F$33>$F$34,3,IF($F$33<$F$34,0,1)),0),IF(($E$35=A10)*(($F$35+$F$36)<>0),IF($F$35>$F$36,3,IF($F$35<$F$36,0,1)),0),IF(($E$37=A10)*(($F$37+$F$38)<>0),IF($F$37>$F$38,3,IF($F$37<$F$38,0,1)),0),IF(($E$39=A10)*(($F$39+$F$40)<>0),IF($F$39>$F$40,3,IF($F$39<$F$40,0,1)),0),IF(($E$26=A10)*(($F$25+$F$26)<>0),IF($F$26>$F$25,3,IF($F$26<$F$25,0,1)),0),IF(($E$28=A10)*(($F$27+$F$28)<>0),IF($F$28>$F$27,3,IF($F$28<$F$27,0,1)),0),IF(($E$30=A10)*(($F$29+$F$30)<>0),IF($F$30>$F$29,3,IF($F$30<$F$29,0,1)),0),IF(($E$32=A10)*(($F$31+$F$32)<>0),IF($F$32>$F$31,3,IF($F$32<$F$31,0,1)),0),IF(($E$34=A10)*(($F$33+$F$34)<>0),IF($F$34>$F$33,3,IF($F$34<$F$33,0,1)),0),IF(($E$36=A10)*(($F$35+$F$36)<>0),IF($F$36>$F$35,3,IF($F$36<$F$35,0,1)),0),IF(($E$38=A10)*(($F$37+$F$38)<>0),IF($F$38>$F$37,3,IF($F$38<$F$37,0,1)),0),IF(($E$40=A10)*(($F$39+$F$40)<>0),IF($F$40>$F$39,3,IF($F$40<$F$39,0,1)),0)) -> 0 | C10: {=SUMPRODUCT(IF(($E$25:$E$40=A10)*(MOD(ROW($F$25:$F$40)-ROW($F$25),2)=0),$F$25:$F$40-OFFSET($F$25:$F$40,1,0),0))+SUMPRODUCT(IF(($E$25:$E$40=A10)*(MOD(ROW($F$25:$F$40)-ROW($F$25),2)=1),OFFSET($F$25:$F$40,-1,0)-$F$25:$F$40,0))} -> 0 | D10: =SUMPRODUCT((($E$25:$E$40="【NikoFC】")*($F$25:$F$40))) -> 0 | E10: {=SUMPRODUCT(IF(($E$25:$E$40=A10)*(MOD(ROW($E$25:$E$40)-ROW($E$25),2)=0),OFFSET($F$25:$F$40,1,0),0))+SUMPRODUCT(IF(($E$25:$E$40=A10)*(MOD(ROW($E$25:$E$40)-ROW($E$25),2)=1),OFFSET($F$25:$F$40,-1,0),0))} -> 0 | F10: {=SUMPRODUCT(IF($E$25:$E$40=A10,$G$25:$G$40,0))} -> 0
A12: 比赛奖励金
A13: 队伍名称 | B13: 小分奖励 | C13: 胜图奖励 | D13: 劣势奖励 | E13: 总奖励
A14: 【Cbhz】 | B14: =INDEX(D$3:D$10,MATCH(A14,A$3:A$10,0))*10 -> 0 | C14: =INDEX(F$3:F$10,MATCH(A14,A$3:A$10,0))*50 -> 0 | D14: =SUM(IF(($E$25=$A14)*($I$25=$E$25),($F$25*10+$G$25*50),0),IF(($E$27=$A14)*($I$27=$E$27),($F$27*10+$G$27*50),0),IF(($E$29=$A14)*($I$29=$E$29),($F$29*10+$G$29*50),0),IF(($E$31=$A14)*($I$31=$E$31),($F$31*10+$G$31*50),0),IF(($E$33=$A14)*($I$33=$E$33),($F$33*10+$G$33*50),0),IF(($E$35=$A14)*($I$35=$E$35),($F$35*10+$G$35*50),0),IF(($E$37=$A14)*($I$37=$E$37),($F$37*10+$G$37*50),0),IF(($E$39=$A14)*($I$39=$E$39),($F$39*10+$G$39*50),0),IF(($E$26=$A14)*($I$25=$E$26),($F$26*10+$G$26*50),0),IF(($E$28=$A14)*($I$27=$E$28),($F$28*10+$G$28*50),0),IF(($E$30=$A14)*($I$29=$E$30),($F$30*10+$G$30*50),0),IF(($E$32=$A14)*($I$31=$E$32),($F$32*10+$G$32*50),0),IF(($E$34=$A14)*($I$33=$E$34),($F$34*10+$G$34*50),0),IF(($E$36=$A14)*($I$35=$E$36),($F$36*10+$G$36*50),0),IF(($E$38=$A14)*($I$37=$E$38),($F$38*10+$G$38*50),0),IF(($E$40=$A14)*($I$39=$E$40),($F$40*10+$G$40*50),0)) -> 0 | E14: =B14+C14+D14 -> 0
A15: 【SSR】 | B15: =INDEX(D$3:D$10,MATCH(A15,A$3:A$10,0))*10 -> 0 | C15: =INDEX(F$3:F$10,MATCH(A15,A$3:A$10,0))*50 -> 0 | D15: =SUM(IF(($E$25=$A15)*($I$25=$E$25),($F$25*10+$G$25*50),0),IF(($E$27=$A15)*($I$27=$E$27),($F$27*10+$G$27*50),0),IF(($E$29=$A15)*($I$29=$E$29),($F$29*10+$G$29*50),0),IF(($E$31=$A15)*($I$31=$E$31),($F$31*10+$G$31*50),0),IF(($E$33=$A15)*($I$33=$E$33),($F$33*10+$G$33*50),0),IF(($E$35=$A15)*($I$35=$E$35),($F$35*10+$G$35*50),0),IF(($E$37=$A15)*($I$37=$E$37),($F$37*10+$G$37*50),0),IF(($E$39=$A15)*($I$39=$E$39),($F$39*10+$G$39*50),0),IF(($E$26=$A15)*($I$25=$E$26),($F$26*10+$G$26*50),0),IF(($E$28=$A15)*($I$27=$E$28),($F$28*10+$G$28*50),0),IF(($E$30=$A15)*($I$29=$E$30),($F$30*10+$G$30*50),0),IF(($E$32=$A15)*($I$31=$E$32),($F$32*10+$G$32*50),0),IF(($E$34=$A15)*($I$33=$E$34),($F$34*10+$G$34*50),0),IF(($E$36=$A15)*($I$35=$E$36),($F$36*10+$G$36*50),0),IF(($E$38=$A15)*($I$37=$E$38),($F$38*10+$G$38*50),0),IF(($E$40=$A15)*($I$39=$E$40),($F$40*10+$G$40*50),0)) -> 0 | E15: =B15+C15+D15 -> 0
A16: 【OldH】 | B16: =INDEX(D$3:D$10,MATCH(A16,A$3:A$10,0))*10 -> 0 | C16: =INDEX(F$3:F$10,MATCH(A16,A$3:A$10,0))*50 -> 0 | D16: =SUM(IF(($E$25=$A16)*($I$25=$E$25),($F$25*10+$G$25*50),0),IF(($E$27=$A16)*($I$27=$E$27),($F$27*10+$G$27*50),0),IF(($E$29=$A16)*($I$29=$E$29),($F$29*10+$G$29*50),0),IF(($E$31=$A16)*($I$31=$E$31),($F$31*10+$G$31*50),0),IF(($E$33=$A16)*($I$33=$E$33),($F$33*10+$G$33*50),0),IF(($E$35=$A16)*($I$35=$E$35),($F$35*10+$G$35*50),0),IF(($E$37=$A16)*($I$37=$E$37),($F$37*10+$G$37*50),0),IF(($E$39=$A16)*($I$39=$E$39),($F$39*10+$G$39*50),0),IF(($E$26=$A16)*($I$25=$E$26),($F$26*10+$G$26*50),0),IF(($E$28=$A16)*($I$27=$E$28),($F$28*10+$G$28*50),0),IF(($E$30=$A16)*($I$29=$E$30),($F$30*10+$G$30*50),0),IF(($E$32=$A16)*($I$31=$E$32),($F$32*10+$G$32*50),0),IF(($E$34=$A16)*($I$33=$E$34),($F$34*10+$G$34*50),0),IF(($E$36=$A16)*($I$35=$E$36),($F$36*10+$G$36*50),0),IF(($E$38=$A16)*($I$37=$E$38),($F$38*10+$G$38*50),0),IF(($E$40=$A16)*($I$39=$E$40),($F$40*10+$G$40*50),0)) -> 0 | E16: =B16+C16+D16 -> 0
A17: 【AWO】 | B17: =INDEX(D$3:D$10,MATCH(A17,A$3:A$10,0))*10 -> 0 | C17: =INDEX(F$3:F$10,MATCH(A17,A$3:A$10,0))*50 -> 0 | D17: =SUM(IF(($E$25=$A17)*($I$25=$E$25),($F$25*10+$G$25*50),0),IF(($E$27=$A17)*($I$27=$E$27),($F$27*10+$G$27*50),0),IF(($E$29=$A17)*($I$29=$E$29),($F$29*10+$G$29*50),0),IF(($E$31=$A17)*($I$31=$E$31),($F$31*10+$G$31*50),0),IF(($E$33=$A17)*($I$33=$E$33),($F$33*10+$G$33*50),0),IF(($E$35=$A17)*($I$35=$E$35),($F$35*10+$G$35*50),0),IF(($E$37=$A17)*($I$37=$E$37),($F$37*10+$G$37*50),0),IF(($E$39=$A17)*($I$39=$E$39),($F$39*10+$G$39*50),0),IF(($E$26=$A17)*($I$25=$E$26),($F$26*10+$G$26*50),0),IF(($E$28=$A17)*($I$27=$E$28),($F$28*10+$G$28*50),0),IF(($E$30=$A17)*($I$29=$E$30),($F$30*10+$G$30*50),0),IF(($E$32=$A17)*($I$31=$E$32),($F$32*10+$G$32*50),0),IF(($E$34=$A17)*($I$33=$E$34),($F$34*10+$G$34*50),0),IF(($E$36=$A17)*($I$35=$E$36),($F$36*10+$G$36*50),0),IF(($E$38=$A17)*($I$37=$E$38),($F$38*10+$G$38*50),0),IF(($E$40=$A17)*($I$39=$E$40),($F$40*10+$G$40*50),0)) -> 0 | E17: =B17+C17+D17 -> 0
A18: 【G2】 | B18: =INDEX(D$3:D$10,MATCH(A18,A$3:A$10,0))*10 -> 0 | C18: =INDEX(F$3:F$10,MATCH(A18,A$3:A$10,0))*50 -> 0 | D18: =SUM(IF(($E$25=$A18)*($I$25=$E$25),($F$25*10+$G$25*50),0),IF(($E$27=$A18)*($I$27=$E$27),($F$27*10+$G$27*50),0),IF(($E$29=$A18)*($I$29=$E$29),($F$29*10+$G$29*50),0),IF(($E$31=$A18)*($I$31=$E$31),($F$31*10+$G$31*50),0),IF(($E$33=$A18)*($I$33=$E$33),($F$33*10+$G$33*50),0),IF(($E$35=$A18)*($I$35=$E$35),($F$35*10+$G$35*50),0),IF(($E$37=$A18)*($I$37=$E$37),($F$37*10+$G$37*50),0),IF(($E$39=$A18)*($I$39=$E$39),($F$39*10+$G$39*50),0),IF(($E$26=$A18)*($I$25=$E$26),($F$26*10+$G$26*50),0),IF(($E$28=$A18)*($I$27=$E$28),($F$28*10+$G$28*50),0),IF(($E$30=$A18)*($I$29=$E$30),($F$30*10+$G$30*50),0),IF(($E$32=$A18)*($I$31=$E$32),($F$32*10+$G$32*50),0),IF(($E$34=$A18)*($I$33=$E$34),($F$34*10+$G$34*50),0),IF(($E$36=$A18)*($I$35=$E$36),($F$36*10+$G$36*50),0),IF(($E$38=$A18)*($I$37=$E$38),($F$38*10+$G$38*50),0),IF(($E$40=$A18)*($I$39=$E$40),($F$40*10+$G$40*50),0)) -> 0 | E18: =B18+C18+D18 -> 0
A19: 【TV】 | B19: =INDEX(D$3:D$10,MATCH(A19,A$3:A$10,0))*10 -> 0 | C19: =INDEX(F$3:F$10,MATCH(A19,A$3:A$10,0))*50 -> 0 | D19: =SUM(IF(($E$25=$A19)*($I$25=$E$25),($F$25*10+$G$25*50),0),IF(($E$27=$A19)*($I$27=$E$27),($F$27*10+$G$27*50),0),IF(($E$29=$A19)*($I$29=$E$29),($F$29*10+$G$29*50),0),IF(($E$31=$A19)*($I$31=$E$31),($F$31*10+$G$31*50),0),IF(($E$33=$A19)*($I$33=$E$33),($F$33*10+$G$33*50),0),IF(($E$35=$A19)*($I$35=$E$35),($F$35*10+$G$35*50),0),IF(($E$37=$A19)*($I$37=$E$37),($F$37*10+$G$37*50),0),IF(($E$39=$A19)*($I$39=$E$39),($F$39*10+$G$39*50),0),IF(($E$26=$A19)*($I$25=$E$26),($F$26*10+$G$26*50),0),IF(($E$28=$A19)*($I$27=$E$28),($F$28*10+$G$28*50),0),IF(($E$30=$A19)*($I$29=$E$30),($F$30*10+$G$30*50),0),IF(($E$32=$A19)*($I$31=$E$32),($F$32*10+$G$32*50),0),IF(($E$34=$A19)*($I$33=$E$34),($F$34*10+$G$34*50),0),IF(($E$36=$A19)*($I$35=$E$36),($F$36*10+$G$36*50),0),IF(($E$38=$A19)*($I$37=$E$38),($F$38*10+$G$38*50),0),IF(($E$40=$A19)*($I$39=$E$40),($F$40*10+$G$40*50),0)) -> 0 | E19: =B19+C19+D19 -> 0
A20: 【Miniworld】 | B20: =INDEX(D$3:D$10,MATCH(A20,A$3:A$10,0))*10 -> 0 | C20: =INDEX(F$3:F$10,MATCH(A20,A$3:A$10,0))*50 -> 0 | D20: =SUM(IF(($E$25=$A20)*($I$25=$E$25),($F$25*10+$G$25*50),0),IF(($E$27=$A20)*($I$27=$E$27),($F$27*10+$G$27*50),0),IF(($E$29=$A20)*($I$29=$E$29),($F$29*10+$G$29*50),0),IF(($E$31=$A20)*($I$31=$E$31),($F$31*10+$G$31*50),0),IF(($E$33=$A20)*($I$33=$E$33),($F$33*10+$G$33*50),0),IF(($E$35=$A20)*($I$35=$E$35),($F$35*10+$G$35*50),0),IF(($E$37=$A20)*($I$37=$E$37),($F$37*10+$G$37*50),0),IF(($E$39=$A20)*($I$39=$E$39),($F$39*10+$G$39*50),0),IF(($E$26=$A20)*($I$25=$E$26),($F$26*10+$G$26*50),0),IF(($E$28=$A20)*($I$27=$E$28),($F$28*10+$G$28*50),0),IF(($E$30=$A20)*($I$29=$E$30),($F$30*10+$G$30*50),0),IF(($E$32=$A20)*($I$31=$E$32),($F$32*10+$G$32*50),0),IF(($E$34=$A20)*($I$33=$E$34),($F$34*10+$G$34*50),0),IF(($E$36=$A20)*($I$35=$E$36),($F$36*10+$G$36*50),0),IF(($E$38=$A20)*($I$37=$E$38),($F$38*10+$G$38*50),0),IF(($E$40=$A20)*($I$39=$E$40),($F$40*10+$G$40*50),0)) -> 0 | E20: =B20+C20+D20 -> 0
A21: 【NikoFC】 | B21: =INDEX(D$3:D$10,MATCH(A21,A$3:A$10,0))*10 -> 0 | C21: =INDEX(F$3:F$10,MATCH(A21,A$3:A$10,0))*50 -> 0 | D21: =SUM(IF(($E$25=$A21)*($I$25=$E$25),($F$25*10+$G$25*50),0),IF(($E$27=$A21)*($I$27=$E$27),($F$27*10+$G$27*50),0),IF(($E$29=$A21)*($I$29=$E$29),($F$29*10+$G$29*50),0),IF(($E$31=$A21)*($I$31=$E$31),($F$31*10+$G$31*50),0),IF(($E$33=$A21)*($I$33=$E$33),($F$33*10+$G$33*50),0),IF(($E$35=$A21)*($I$35=$E$35),($F$35*10+$G$35*50),0),IF(($E$37=$A21)*($I$37=$E$37),($F$37*10+$G$37*50),0),IF(($E$39=$A21)*($I$39=$E$39),($F$39*10+$G$39*50),0),IF(($E$26=$A21)*($I$25=$E$26),($F$26*10+$G$26*50),0),IF(($E$28=$A21)*($I$27=$E$28),($F$28*10+$G$28*50),0),IF(($E$30=$A21)*($I$29=$E$30),($F$30*10+$G$30*50),0),IF(($E$32=$A21)*($I$31=$E$32),($F$32*10+$G$32*50),0),IF(($E$34=$A21)*($I$33=$E$34),($F$34*10+$G$34*50),0),IF(($E$36=$A21)*($I$35=$E$36),($F$36*10+$G$36*50),0),IF(($E$38=$A21)*($I$37=$E$38),($F$38*10+$G$38*50),0),IF(($E$40=$A21)*($I$39=$E$40),($F$40*10+$G$40*50),0)) -> 0 | E21: =B21+C21+D21 -> 0
A23: 对战表
A24: 比赛时间 | B24: 比赛服务器 | C24: 比赛裁判 | D24: 比赛轮次 | E24: 队伍 | F24: 得分 | G24: 胜利图数 | H24: 队伍总身价 | I24: 身价劣势队 | J24: 图一对战国家 | K24: 图二对战国家 | L24: 队伍上场人员1 | M24: 队伍上场人员2 | N24: 队伍上场人员3 | O24: 队伍上场人员4 | P24: 队伍上场人员5 | Q24: 队伍上场人员6 | R24: 队伍上场人员7 | S24: 队伍上场人员8 | T24: 队伍上场人员9 | U24: 队伍上场人员10 | V24: 队伍上场人员11 | W24: 队伍上场人员12 | X24: 队伍上场人员13 | Y24: 队伍上场人员14 | Z24: 队伍上场人员15
A25: 2024年8月9日 21:30:00 | B25: CFWL_1 | D25: 比赛1 | E25: 【Cbhz】 | H25: =SUMPRODUCT(SUMIF('队伍总览 '!B4:B19,L25:Z25,'队伍总览 '!C4:C19)) -> 0 | I25: =IF(ABS(H25-H26)>200,IF(H25<H26,E25,E26),"均势") -> 均势 | J25: 诺德 Nord | K25: 萨兰德 Sarranid
E26: 【SSR】 | H26: {=SUMPRODUCT(SUMIF('队伍总览 '!F4:F19,L26:Z26,'队伍总览 '!G4:G19))} -> 0 | J26: 罗多克 Rhodok | K26: 斯瓦迪亚 Swadia
A27: 2024年8月9日 21:30:00 | B27: CFWL_2 | D27: 比赛2 | E27: 【OldH】 | H27: {=SUMPRODUCT(SUMIF('队伍总览 '!J4:J19,L27:Z27,'队伍总览 '!K4:K19))} -> 0 | I27: =IF(ABS(H27-H28)>200,IF(H27<H28,E27,E28),"均势") -> 均势 | J27: 诺德 Nord | K27: 萨兰德 Sarranid
E28: 【AWO】 | H28: {=SUMPRODUCT(SUMIF('队伍总览 '!N4:N19,L28:Z28,'队伍总览 '!O4:O19))} -> 0 | J28: 罗多克 Rhodok | K28: 斯瓦迪亚 Swadia
A29: 2024年8月9日 21:30:00 | B29: CFWL_3 | D29: 比赛3 | E29: 【G2】 | H29: =SUMPRODUCT(SUMIF('队伍总览 '!B36:B51,L29:Z29,'队伍总览 '!C36:C51)) -> 0 | I29: =IF(ABS(H29-H30)>200,IF(H29<H30,E29,E30),"均势") -> 均势 | J29: 诺德 Nord | K29: 萨兰德 Sarranid
E30: 【TV】 | H30: {=SUMPRODUCT(SUMIF('队伍总览 '!F36:F51,L30:Z30,'队伍总览 '!G36:G51))} -> 0 | J30: 罗多克 Rhodok | K30: 斯瓦迪亚 Swadia
A31: 2024年8月9日 21:30:00 | B31: CFWL_4 | D31: 比赛4 | E31: 【Miniworld】 | H31: {=SUMPRODUCT(SUMIF('队伍总览 '!J36:J51,L31:Z31,'队伍总览 '!K36:K51))} -> 0 | I31: =IF(ABS(H31-H32)>200,IF(H31<H32,E31,E32),"均势") -> 均势 | J31: 诺德 Nord | K31: 萨兰德 Sarranid
E32: 【NikoFC】 | H32: {=SUMPRODUCT(SUMIF('队伍总览 '!N36:N51,L32:Z32,'队伍总览 '!O36:O51))} -> 0 | J32: 罗多克 Rhodok | K32: 斯瓦迪亚 Swadia
A33: 2024年8月10日 20:30:00 | B33: CFWL_1 | D33: 比赛5 | E33: =IF(AND(NOT(ISBLANK(F25)),NOT(ISBLANK(F26))),IF(F25>F26,E25,E26),"待定") -> 待定 | H33: =SUMPRODUCT(SUMIF('队伍总览 '!B4:B19,L33:Z33,'队伍总览 '!C4:C19)) -> 0 | I33: =IF(ABS(H33-H34)>200,IF(H33<H34,E33,E34),"均势") -> 均势 | J33: 斯瓦迪亚 Swadia | K33: 萨兰德 Sarranid
E34: =IF(AND(NOT(ISBLANK(F27)),NOT(ISBLANK(F28))),IF(F27>F28,E27,E28),"待定") -> 待定 | H34: =SUMPRODUCT(SUMIF('队伍总览 '!F4:F19,L34:Z34,'队伍总览 '!F4:F19)) -> 0 | J34: 维基亚 Veagir | K34: 诺德 Nord
A35: 2024年8月10日 20:30:00 | B35: CFWL_2 | D35: 比赛6 | E35: =IF(AND(NOT(ISBLANK(F25)),NOT(ISBLANK(F26))),IF(F25<=F26,E25,E26),"待定") -> 待定 | H35: =SUMPRODUCT(SUMIF('队伍总览 '!J4:J19,L35:Z35,'队伍总览 '!J4:J19)) -> 0 | I35: =IF(ABS(H35-H36)>200,IF(H35<H36,E35,E36),"均势") -> 均势 | J35: 斯瓦迪亚 Swadia | K35: 萨兰德 Sarranid
E36: =IF(AND(NOT(ISBLANK(F27)),NOT(ISBLANK(F28))),IF(F27<=F28,E27,E28),"待定") -> 待定 | H36: =SUMPRODUCT(SUMIF('队伍总览 '!N4:N19,L36:Z36,'队伍总览 '!N4:N19)) -> 0 | J36: 维基亚 Veagir | K36: 诺德 Nord
A37: 2024年8月10日 21:30:00 | B37: CFWL_1 | D37: 比赛7 | E37: =IF(AND(NOT(ISBLANK(F29)),NOT(ISBLANK(F30))),IF(F29>F30,E29,E30),"待定") -> 待定 | H37: =SUMPRODUCT(SUMIF('队伍总览 '!B36:B51,L37:Z37,'队伍总览 '!C36:C51)) -> 0 | I37: =IF(ABS(H37-H38)>200,IF(H37<H38,E37,E38),"均势") -> 均势 | J37: 斯瓦迪亚 Swadia | K37: 萨兰德 Sarranid
E38: =IF(AND(NOT(ISBLANK(F31)),NOT(ISBLANK(F32))),IF(F31>F32,E31,E32),"待定") -> 待定 | H38: =SUMPRODUCT(SUMIF('队伍总览 '!F36:F51,L38:Z38,'队伍总览 '!F36:F51)) -> 0 | J38: 维基亚 Veagir | K38: 诺德 Nord
A39: 2024年8月10日 21:30:00 | B39: CFWL_2 | D39: 比赛8 | E39: =IF(AND(NOT(ISBLANK(F29)),NOT(ISBLANK(F30))),IF(F29<=F30,E29,E30),"待定") -> 待定 | H39: =SUMPRODUCT(SUMIF('队伍总览 '!J36:J51,L39:Z39,'队伍总览 '!J36:J51)) -> 0 | I39: =IF(ABS(H39-H40)>200,IF(H39<H40,E39,E40),"均势") -> 均势 | J39: 斯瓦迪亚 Swadia | K39: 萨兰德 Sarranid
E40: =IF(AND(NOT(ISBLANK(F31)),NOT(ISBLANK(F32))),IF(F31<=F32,E31,E32),"待定") -> 待定 | H40: =SUMPRODUCT(SUMIF('队伍总览 '!N36:N51,L40:Z40,'队伍总览 '!N36:N51)) -> 0 | J40: 维基亚 Veagir | K40: 诺德 Nord
A43: 第一周比赛录像/直播
A44: 比赛轮次 | B44: 队伍 | C44: 主播ID | D44: 直播地址 | H44: 录像地址
A45: 比赛1 | B45: 【Cbhz】 | C45: TNT
B46: 【SSR】
A47: 比赛2 | B47: 【OldH】 | C47: KT_P | D47: https://live.bilibili.com/8210695
B48: 【AWO】
A49: 比赛3 | B49: 【G2】 | C49: 翅膀 | D49: https://live.bilibili.com/12782808
B50: 【TV】
A51: 比赛4 | B51: 【Miniworld】 | C51: Linder小明 | D51: https://live.bilibili.com/949412
B52: 【NikoFC】
A53: 比赛5 | B53: =IF(AND(NOT(ISBLANK(C45)),NOT(ISBLANK(C46))),IF(C45>C46,B45,B46),"待定") -> 待定
B54: =IF(AND(NOT(ISBLANK(#REF!)),NOT(ISBLANK(C48))),IF(#REF!>C48,B47,B48),"待定") -> 待定
A55: 比赛6 | B55: =IF(AND(NOT(ISBLANK(C45)),NOT(ISBLANK(C46))),IF(C45<=C46,B45,B46),"待定") -> 待定
B56: =IF(AND(NOT(ISBLANK(#REF!)),NOT(ISBLANK(C48))),IF(#REF!<=C48,B47,B48),"待定") -> 待定
A57: 比赛7 | B57: =IF(AND(NOT(ISBLANK(C49)),NOT(ISBLANK(C50))),IF(C49>C50,B49,B50),"待定") -> 待定
B58: =IF(AND(NOT(ISBLANK(C51)),NOT(ISBLANK(C52))),IF(C51>C52,B51,B52),"待定") -> 待定
A59: 比赛8 | B59: =IF(AND(NOT(ISBLANK(C49)),NOT(ISBLANK(C50))),IF(C49<=C50,B49,B50),"待定") -> 待定
B60: =IF(AND(NOT(ISBLANK(C51)),NOT(ISBLANK(C52))),IF(C51<=C52,B51,B52),"待定") -> 待定

Sheet 比赛规则 
A1: 2024年骑马与砍杀第二届梦幻联赛比赛介绍
A2: https://kdocs.cn/l/cd1pt4d5tPbS
A4: 拍卖流程
A5: 1. 竞拍开始前，各队队长按要求进入腾讯会议，进入后，主持人将更改ID为序号，序号大小不决定出价顺序。
A6: 2. 主持人介绍球员信息
A7: 3. 队长出价，每位球员起价10w，每次加价必须10w的倍数，出价最高者获得对应的球员，首轮竞拍，最高价1000W
A8: 4. 主持人喊三次当前最高价，若无更高价格，则成交；
A9: 5. 无论任何情况，中途退出，失去的机会不做补偿，队伍名额未满，则随机获得剩余球员
A10: 6. 资金不足问题
A11: ➡️队长可当场向主持人申请使用备用金，但同时，该名队长的匿名状态将取消。
A12: ➡️若队长本金及备用金均使用完毕,则随机获得流拍的球员。

Sheet 报名表
A1: 提交时间 | B1: 填写ID | C1: 答题时间 | D1: 报名身份 | E1: 常用昵称 | F1: 报名ID | G1: 兵种偏好:骑兵 | H1: 兵种偏好:射手 | I1: 兵种偏好:步兵 | J1: 联系方式 | K1: Guid | L1: 中文站ID | M1: 个人经历
A2: 45498.991 | B2: 20240725234719915403395 | C2: 45秒 | D2: 队员 | E2: Bonaoart | F2: Bonapart | H2: 射手 | J2: 2269640921 | K2: 2775553 | L2: zz1450564141 | M2: 参加过联赛
A3: 45499.401 | B3: 20240726093705539074429 | C3: 42秒 | D3: 队员 | E3: Smile | F3: Smile | I3: 步兵 | J3: 242799690 | K3: 6116503 | L3: 生锈的smile
A4: 45499.056 | B4: 20240726011956693794941 | C4: 1分23秒 | D4: 队员 | E4: 武田 | F4: Takeda | I4: 步兵 | J4: 1909418646 | K4: 5807203 | L4: TakedaWUTIAN | M4: 参加过第11届战团联赛
A5: 45498.994 | B5: 20240725235131496416331 | C5: 39秒 | D5: 队员 | E5: 大西瓜 | F5: Guomao | H5: 射手 | J5: 843703100 | K5: 5803128 | L5: 呼唤君之名
A6: 45499.007 | B6: 20240726000937109338199 | C6: 6分5秒 | D6: 队员 | E6: 哭丧 | F6: KUSANAGE | G6: 骑兵 | H6: 射手 | J6: QQ:2783366750 | K6: 5263885 | L6: KUSANAGE | M6: 两届联赛经验，21年入坑，可能只有星期六能打这个比赛，其他时间来不了
A7: 45498.979 | B7: 20240725232905546271332 | C7: 8分26秒 | D7: 队员 | E7: Tatum | F7: Tatum | G7: 骑兵 | H7: 射手 | I7: 步兵 | J7: QQ 3349220978 | K7: 5164741 | L7: 爱吃馒头的馒头 | M7: 参加过4届联赛，第一届梦幻联赛，第一届青训杯，时间较为充裕看情况可开麦
A8: 45498.979 | B8: 20240725233016972064910 | C8: 4分21秒 | D8: 队员 | E8: KillerQuin | F8: qifenzu | H8: 射手 | I8: 步兵 | J8: 870595760 | K8: 4972218 | L8: fishquin | M8: 气氛组
A9: 45498.984 | B9: 20240725233644458509365 | C9: 2分36秒 | D9: 队长 | E9: 冲锋 | F9: chongfeng | I9: 步兵 | J9: 1944993273 | K9: 5549069 | L9: 骚的冲锋桑 | M9: 我要屠凯撒
A10: 45499 | B10: 20240725235943182206753 | C10: 1分17秒 | D10: 队员 | E10: f4 | F10: quandouwushILing | G10: 骑兵 | I10: 步兵 | J10: qq 2740432048 | K10: 4785445 | L10: f44444444444444 | M10: 老兵
A11: 45499.178 | B11: 20240726041648511309963 | C11: 1分27秒 | D11: 队员 | E11: 罗加 | F11: ZhouBaiYa | G11: 骑兵 | H11: 射手 | I11: 步兵 | J11: 2010770781 | K11: 4642229 | L11: 罗加伯爵 | M11: 2022青训杯冠军
A12: 45499.101 | B12: 20240726022517789971631 | C12: 33秒 | D12: 队长 | E12: Zekken | F12: Zekken | G12: 骑兵 | H12: 射手 | I12: 步兵 | J12: qq2682175052 | K12: 3791589 | L12: Yuuki优纪
A13: 45499.03 | B13: 20240726004249356691674 | C13: 17分14秒 | D13: 队员 | E13: 苏西斯 | F13: Animula_Choragi | G13: 骑兵 | H13: 射手 | I13: 步兵 | J13: 3347949960 | K13: 3610305 | L13: 角蝰先锋 | M13: 第九、十、十一届中国战团联赛圣保罗农民兵
A14: 45499.042 | B14: 20240726010052771168434 | C14: 1分48秒 | D14: 队长 | E14: zy | F14: flamZ | G14: 骑兵 | I14: 步兵 | J14: 1574911366 | K14: 3474873 | L14: ZhaoYiQiu | M14: 永恒杀过血染
A15: 45499.085 | B15: 20240726020200394322732 | C15: 35秒 | D15: 队员 | E15: Add | F15: Add | G15: 骑兵 | J15: 1659189684 | K15: 3345714 | L15: 公园里的火枪手
A16: 45499.027 | B16: 20240726003813338157068 | C16: 3分52秒 | D16: 队员 | E16: Ezio | F16: MisakaEzio | G16: 骑兵 | H16: 射手 | I16: 步兵 | J16: 2650238647 | K16: 3225781 | L16: SB_SXF | M16: 教二狗骑兵
A17: 45499.093 | B17: 20240726021413058813452 | C17: 2小时56分39秒 | D17: 队员 | E17: DH | F17: DH | I17: 步兵 | J17: 1808926263 | K17: 2780258 | L17: 1808926263
A18: 45498.999 | B18: 20240725235815988108857 | C18: 11分22秒 | D18: 队员 | E18: MANGOL | F18: _ | G18: 骑兵 | I18: 步兵 | J18: 3051597997 | K18: 1953383 | L18: MANGOL | M18: 永恒世界两年十字军，两年血染，X服财产四百万。拿破仑74战队队员，曾參加GF2020。号角C队主力骑兵。雇佣兵3v3比赛6强。
A19: 45499.471 | B19: 20240726111846890466746 | C19: 7分32秒 | D19: 队员 | E19: Mengdong | F19: Mengdong | H19: 射手 | I19: 步兵 | J19: QQ | K19: 5582070 | L19: 懵懂的少年KING | M19: 被冲锋教练高度评价为大傻逼
A20: 45499.48 | B20: 20240726113039808925594 | C20: 2分8秒 | D20: 队员 | E20: ai | F20: ai | G20: 骑兵 | H20: 射手 | J20: 694593591 | K20: 4643949 | L20: 礙、
A21: 45499.481 | B21: 20240726113315840520924 | C21: 54秒 | D21: 队员 | E21: abin | F21: abin | G21: 骑兵 | H21: 射手 | I21: 步兵 | J21: 3224307963 | K21: 5916568 | L21: 真的是abin
A22: 45499.494 | B22: 20240726115135900208630 | C22: 2分6秒 | D22: 队员 | E22: GJY | F22: Ak King | G22: 骑兵 | I22: 步兵 | J22: 2104046389 | K22: 5707597 | L22: guojingyuan36 | M22: 晨风骑士团队员
A23: 45499.495 | B23: 20240726115207561571756 | C23: 8分36秒 | D23: 队员 | E23: 233laoye | F23: Super_Seal | G23: 骑兵 | H23: 射手 | I23: 步兵 | J23: 1741774416 | K23: 3119346 | L23: 233老爷 | M23: CS卡拉迪亚战队狙击手
A24: 45499.496 | B24: 20240726115456017661981 | C24: 5分22秒 | D24: 队员 | E24: 末影 | F24: lxclxc | I24: 步兵 | J24: 1447327451 | K24: 347507 | L24: 进击的哈老四 | M24: 完美世界竞技平台连云港NO20钻石S苏州第一职业技术学院NO1
A25: 45499.498 | B25: 20240726115647544690891 | C25: 6分44秒 | D25: 队员 | E25: AP-20 | F25: AP-20 | I25: 步兵 | J25: qq：3163192342 | K25: 4292183 | L25: mubuer
A26: 45499.499 | B26: 20240726115844917712571 | C26: 2分15秒 | D26: 队长 | E26: 图派克 | F26: Young_Blood | G26: 骑兵 | J26: 2764659592 | K26: 5427356 | L26: 图派克 | M26: 无，石头缝蹦出来的
A27: 45499.502 | B27: 20240726120310325402149 | C27: 2分14秒 | D27: 队员 | E27: 城府 | F27: Jinzhaojianzhidieyunchu | G27: 骑兵 | H27: 射手 | I27: 步兵 | J27: 2370026738 | K27: 5220710 | L27: vinland城府 | M27: 小学本人三道杠
A28: 45499.505 | B28: 20240726120730693214908 | C28: 1分30秒 | D28: 队员 | E28: 苏雨晴 | F28: Elucoco | G28: 骑兵 | H28: 射手 | I28: 步兵 | J28: 2673127707 | K28: 3805880 | L28: 月色修罗 | M28: 弓马骑射，样样不精
A29: 45499.54 | B29: 20240726125654102796292 | C29: 1分9秒 | D29: 队员 | E29: 王水灵 | F29: wsl | G29: 骑兵 | H29: 射手 | J29: qq3094742386 | K29: 2192046 | L29: 3094742386 | M29: 无
A30: 45499.545 | B30: 20240726130430728255306 | C30: 1分41秒 | D30: 队员 | E30: awe23 | F30: Lezafans | G30: 骑兵 | H30: 射手 | J30: 549636986 | K30: 4015008 | L30: BattleField
A31: 45499.548 | B31: 20240726130940947535010 | C31: 3分17秒 | D31: 队员 | E31: 史蒂夫 | F31: [Vinland]Steve | G31: 骑兵 | H31: 射手 | I31: 步兵 | J31: 710941977 | K31: 3529276 | L31: steve211 | M31: 本人有过三段感情经历，第一任性格问题分手，第二任是我任性吵架，第三任是爱好圈子不同不合适。本人目前定居山东青岛，在一家xx公司任职。无房车压力，有意向者联系本人。
A32: 45499.597 | B32: 20240726141911955235581 | C32: 44秒 | D32: 队员 | E32: 豆子 | F32: HeiAnZhiWang | G32: 骑兵 | H32: 射手 | I32: 步兵 | J32: 2817325645 | K32: 4532852 | L32: qyy | M32: 魔兽世界WLK NAXX后二+双龙 龙牙第68痛苦术士 开荒奥杜尔会修星
D33: 队员 | E33: jmz | F33: jmz | G33: 骑兵 | H33: 射手 | I33: 步兵 | J33: 1582328692 | K33: 1398091 | M33: 吃饱喝足就是送
A34: 45499.622 | B34: 20240726145614124070373 | C34: 1分10秒 | D34: 队员 | E34: 天帝哥哥 | F34: TianDi | G34: 骑兵 | H34: 射手 | I34: 步兵 | J34: 783292912 | K34: 3227770 | L34: 天帝TianDi | M34: 我和你妈结婚
A35: 45499.638 | B35: 20240726151906713203896 | C35: 1分58秒 | D35: 队员 | E35: 果猫 | F35: sichuanmei | H35: 射手 | J35: 814358796 | K35: 3717691 | L35: 可爱猫 | M35: 17年老屁股
A36: 45499.724 | B36: 20240726172248409390744 | C36: 54秒 | D36: 队员 | E36: 500 | F36: 500 | G36: 骑兵 | H36: 射手 | I36: 步兵 | J36: 16693037061 | K36: 4200705 | L36: 忘了 | M36: utd队员
A37: 45499.771 | B37: 20240726182940772154670 | C37: 9小时13分7秒 | D37: 队员 | E37: 冷夜 | F37: LengYe | H37: 射手 | J37: 1575898652 | K37: 3280527 | L37: Leng夜
A38: 45499.776 | B38: 20240726183747963727994 | C38: 1分52秒 | D38: 队员 | E38: Charlotte | F38: Charlotte | G38: 骑兵 | H38: 射手 | J38: 2264674470 | K38: 6004059 | L38: qiuligao | M38: 参加过第一次梦幻联赛，大头兵一个不用理会
A39: 45499.781 | B39: 20240726184426653599205 | C39: 1分27秒 | D39: 队员 | E39: HorN_kukuko | F39: kukuko | G39: 骑兵 | J39: 19986683039 | K39: 5634234 | L39: kukuko | M39: 纯萌新，给我分几个大腿
A40: 45499.784 | B40: 20240726184840138402008 | C40: 11分15秒 | D40: 队员 | E40: AQI | F40: AQI | G40: 骑兵 | I40: 步兵 | J40: 15871678798 | K40: 5796663 | L40: 阿祈 | M40: 23年战团中国联赛竞技组
A41: 45499.794 | B41: 20240726190331642379040 | C41: 1分6秒 | D41: 队长 | E41: 骑砍真神 | F41: qikanzhenshen | H41: 射手 | I41: 步兵 | J41: 1847932439 | K41: 2829498 | L41: 囚徒[已封禁] | M41: 喜欢玩骑马与砍杀
A42: 45499.797 | B42: 20240726190751384630095 | C42: 5分34秒 | D42: 队员 | E42: 大聪明、呆呆 | F42: DaCongMing | H42: 射手 | J42: 2574208139 | K42: 4642268 | L42: Aomine Daiki | M42: 被二狗欺骗三年感情
A43: 45499.801 | B43: 20240726191324646587673 | C43: 3分18秒 | D43: 队员 | E43: Yoshino | F43: Yoshino | G43: 骑兵 | H43: 射手 | I43: 步兵 | J43: 2452364550 | K43: 2913957 | L43: Yoshino | M43: 骑砍新人
A44: 45499.807 | B44: 20240726192125990796099 | C44: 2分30秒 | D44: 队员 | E44: 退休老人野望 | F44: Retired older | G44: 骑兵 | I44: 步兵 | J44: 446957708 | K44: 443377 | L44: 历史的野望 | M44: 多年不玩骑砍的骑友
A45: 45499.824 | B45: 20240726194635071141728 | C45: 2分15秒 | D45: 队员 | E45: Goganpa | F45: Goganpa | I45: 步兵 | J45: QQ-3491018506 | K45: 5519439 | L45: Goganpa
A46: 45499.837 | B46: 20240726200535635710886 | C46: 2分 | D46: 队员 | E46: YQS_dou_dou | F46: YQS_dou_dou | G46: 骑兵 | J46: 492997924 | K46: 5266925 | L46: qq492997924
A47: 45499.864 | B47: 20240726204440378853802 | C47: 1分31秒 | D47: 队员 | E47: 宝爹 | F47: Pageup | G47: 骑兵 | I47: 步兵 | J47: 1571944047 | K47: 3693051 | L47: 江湖小宝 | M47: 新人
A48: 45499.864 | B48: 20240726204449446337053 | C48: 43秒 | D48: 队员 | E48: comet | F48: comet | G48: 骑兵 | H48: 射手 | I48: 步兵 | J48: 2535475829 | K48: 3019110 | L48: 你ug大哥 | M48: 玩家
A49: 45499.873 | B49: 20240726205712224027389 | C49: 4分31秒 | D49: 队员 | E49: baimayinqiang | F49: Iyin | G49: 骑兵 | J49: QQ 1621981624 | K49: 4599042 | L49: baimayinqiang
A50: 45499.917 | B50: 20240726220045273904527 | C50: 34秒 | D50: 队员 | E50: diyuluguan | F50: diyuluguan | H50: 射手 | I50: 步兵 | J50: 2743214782 | K50: 1860809 | L50: 1 | M50: 1
A51: 45499.925 | B51: 20240726221117521971734 | C51: 1分16秒 | D51: 队员 | E51: LSSL | F51: LSSL | I51: 步兵 | J51: 3206137599qq | K51: 4009597 | L51: 3373931 | M51: 两届联赛一届梦幻联赛一届青训
A52: 45499.979 | B52: 20240726233028207506342 | C52: 10分10秒 | D52: 队员 | E52: xiaoye | F52: YQS_Cross | H52: 射手 | I52: 步兵 | J52: QQ:2779729583 | K52: 4810706 | L52: 十六个日夜的宵夜 | M52: 打过上一届梦幻联赛
A53: 45500 | B53: 20240726235921656507330 | C53: 1分 | D53: 队员 | E53: Motochika | F53: Motochika | H53: 射手 | I53: 步兵 | J53: 2272890004 | K53: 4153280 | L53: 直达天机
A54: 45500.022 | B54: 20240727003130368561555 | C54: 2分57秒 | D54: 队员 | E54: 小捷豹 | F54: 19pig | I54: 步兵 | J54: 1657771401 | K54: 4858594 | L54: 咪西摩西 | M54: 两次联赛
A55: 45500.031 | B55: 20240727004407029766008 | C55: 1分1秒 | D55: 队员 | E55: shiran | F55: shiran | G55: 骑兵 | H55: 射手 | I55: 步兵 | J55: 2233596376 | K55: 3865769 | L55: 一梦俩三年. | M55: 累
A56: 45500.441 | B56: 20240727103510284829866 | C56: 59秒 | D56: 队员 | E56: sy72sdf | F56: sy72sdf | I56: 步兵 | J56: 120260347 | K56: 2715677 | L56: sy72sdf | M56: 最近一年没玩过骑砍，不能开麦，晚上九点之后才有空，纯混子
A57: 45500.458 | B57: 20240727105927105442568 | C57: 3分13秒 | D57: 队员 | E57: Gad_ALiang | F57: Gad_ALiang | G57: 骑兵 | J57: 1550682561qq | K57: 4046117 | L57: mmp233 | M57: 200小时的游戏经验
A58: 45500.581 | B58: 20240727135618174165561 | C58: 50秒 | D58: 队长 | E58: 凯撒 | F58: Arya | G58: 骑兵 | H58: 射手 | I58: 步兵 | J58: 3320553061 | K58: 4951826 | L58: Julian- | M58: 年年屠孙传庭
A59: 45500.634 | B59: 20240727151233343264257 | C59: 2分7秒 | D59: 队员 | E59: 阿氰 | F59: Clyde | G59: 骑兵 | H59: 射手 | I59: 步兵 | J59: QQ464052159 | K59: 1953648 | L59: 342665399
A60: 45500.639 | B60: 20240727152014016262940 | C60: 40秒 | D60: 队员 | E60: 凯德 | F60: Nature | H60: 射手 | I60: 步兵 | J60: 1353258559 | K60: 2659289 | L60: evakid
A61: 45500.643 | B61: 20240727152531773127045 | C61: 4分25秒 | D61: 队员 | E61: havoc | F61: huitailang | G61: 骑兵 | I61: 步兵 | J61: 3199179003 | K61: 4852105 | L61: laohaojie | M61: 。。。
A62: 45500.655 | B62: 20240727154329015994263 | C62: 1分31秒 | D62: 队员 | E62: KR_YuXuan | F62: huashounanhai | H62: 射手 | I62: 步兵 | J62: 13223728591 | K62: 3613642 | L62: 回火的手速刀 | M62: 纯精神小伙
A63: 45500.739 | B63: 20240727174430617372003 | C63: 4分58秒 | D63: 队员 | E63: 1911/Dogmeat | F63: 1911 | H63: 射手 | I63: 步兵 | J63: QQ: 1521032645 | K63: 449488 | L63: M1911A1手枪 | M63: 2021~2023在UTD参加联赛（主射手位辅步兵位） PS：近几月基本没碰过战团
A64: 45500.891 | B64: 20240727212313956082457 | C64: 3分38秒 | D64: 队员 | E64: Able | F64: Workwork | H64: 射手 | J64: 756853064 | K64: 2921015 | L64: YEs2Man | M64: 30岁，已婚
A65: 45501.531 | B65: 20240728124513956759300 | C65: 52秒 | D65: 队员 | E65: 淫荡 | F65: KT_Bili1620342 | G65: 骑兵 | H65: 射手 | I65: 步兵 | J65: 247241560 | K65: 1222992 | L65: YnDe | M65: 吉祥物
A66: 45501.622 | B66: 20240728145534392471330 | C66: 55秒 | D66: 队员 | E66: 比伯 | F66: Pocky | G66: 骑兵 | I66: 步兵 | J66: qq2471651565 | K66: 3937497 | L66: Ezraa | M66: 读书
A67: 45501.727 | B67: 20240728172650303840597 | C67: 9分46秒 | D67: 队员 | E67: XiaoRen | F67: XiaoRen | I67: 步兵 | J67: QQ：1317011026 | K67: 4651443 | L67: 忍共生
A68: 45501.88 | B68: 20240728210739011781628 | C68: 9分15秒 | D68: 队员 | E68: xiaoliyu | F68: JackeyLove | H68: 射手 | I68: 步兵 | J68: 1427368289 | K68: 4536827 | L68: 无
A69: 45501.953 | B69: 20240728225216184550989 | C69: 27秒 | D69: 队长 | E69: cooper | F69: MINI_Cooper | G69: 骑兵 | H69: 射手 | I69: 步兵 | J69: 740221391 | K69: 443956 | L69: 无敌哈老大
A70: 45501.954 | B70: 20240728225354885361279 | C70: 1分13秒 | D70: 队员 | E70: parrot | F70: MINI_Xiaoxiao | I70: 步兵 | J70: 823663769 | K70: 5537338 | L70: 鹦鹉哒哒
A71: 45501.992 | B71: 20240728234858682955988 | C71: 4分53秒 | D71: 队员 | E71: 小鱼 | F71: 18SadYu | G71: 骑兵 | H71: 射手 | I71: 步兵 | J71: 2709845659 | K71: 5525508 | L71: 18SadYu | M71: 骑马与砍杀第十届C组参赛队员
A72: 45502.105 | B72: 20240729023029669676733 | C72: 22秒 | D72: 队长 | E72: nane | F72: nane | G72: 骑兵 | I72: 步兵 | J72: Q 2668013893 | K72: 4502486 | L72: 赖茵-哈杰
A73: 45502.201 | B73: 20240729044858917933308 | C73: 3分28秒 | D73: 队员 | E73: 芬克 | F73: Fenker | H73: 射手 | I73: 步兵 | J73: qq 2909975390 | K73: 4555111 | L73: 239108348 | M73: 在维兰当大头兵
A74: 45502.393 | B74: 20240729092520571508302 | C74: 3分9秒 | D74: 队员 | E74: mama | F74: mama | G74: 骑兵 | I74: 步兵 | J74: 1785075609 | K74: 4736098 | L74: 狼牙琚哥 | M74: 3岁尿过床
A75: 45502.457 | B75: 20240729105846970586021 | C75: 1分12秒 | D75: 队员 | E75: KT_riva | F75: riva | I75: 步兵 | J75: qq 1730107756 | K75: 3752591 | L75: meiqinmei
A76: 45502.574 | B76: 20240729134603346787305 | C76: 50秒 | D76: 队员 | E76: 回火的头盖骨 | F76: SKULL | I76: 步兵 | J76: 415540173 | K76: 5479257 | L76: 弹剑作歌 | M76: 战团萌新，求指导。
A77: 45502.647 | B77: 20240729153148983000050 | C77: 1分26秒 | D77: 队员 | E77: Lezalit | F77: ZywOo | G77: 骑兵 | H77: 射手 | I77: 步兵 | J77: 3249382810 | K77: 3976752 | L77: Lezalit | M77: 新人
A78: 45502.679 | B78: 20240729161725416362987 | C78: 1分1秒 | D78: 队员 | E78: knightzz | F78: knightzz | G78: 骑兵 | I78: 步兵 | J78: * | K78: 4461507 | L78: *
A79: 45502.699 | B79: 20240729164640539031299 | C79: 49分40秒 | D79: 队员 | E79: 骑砍皇帝 | F79: Tyatya_Gucci | H79: 射手 | J79: 1287049681 | K79: 1220198 | L79: XcreeperX
A80: 45502.707 | B80: 20240729165741072786487 | C80: 1分31秒 | D80: 队员 | E80: chengcheng | F80: houtui | H80: 射手 | I80: 步兵 | J80: 2386824359 QQ | K80: 5333974 | L80: 被6个领主砍 | M80: 会走道会攻击
A81: 45502.745 | B81: 20240729175231838202115 | C81: 46秒 | D81: 队员 | E81: 老鱼 | F81: 566 | I81: 步兵 | J81: 1159033707 | K81: 4284921 | L81: 海里伤心的鱼
A82: 45502.769 | B82: 20240729182705395074328 | C82: 50秒 | D82: 队员 | E82: 艾拉AL | F82: Wushenglinglu | G82: 骑兵 | H82: 射手 | I82: 步兵 | J82: 1067444962 | K82: 5588188 | L82: DarlingAL | M82: 第一届梦幻联赛10w选手
A83: 45502.806 | B83: 20240729192045154079449 | C83: 57秒 | D83: 队员 | E83: lirene | F83: lirene | I83: 步兵 | J83: 1641315497 | K83: 3593795 | L83: 1641315497@qq.com | M83: 2017年加入联机，从此玩永恒七八年
A84: 45502.857 | B84: 20240729203401638901410 | C84: 1分16秒 | D84: 队员 | E84: 孟起 | F84: RuoZhi | G84: 骑兵 | J84: 664985529 | K84: 忘了，等会儿发冲锋或者哪个管理得了 | L84: 孟起萌妻梦琪 | M84: 尸体
A85: 45502.88 | B85: 20240729210724921277669 | C85: 1分18秒 | D85: 队员 | E85: Mliya | F85: Mliya | I85: 步兵 | J85: 1905579389 | K85: 3697168 | L85: wrf521125 | M85: 透明
A86: 45502.904 | B86: 20240729214123202983697 | C86: 2分24秒 | D86: 队员 | E86: IC | F86: _IC | G86: 骑兵 | J86: 13165697006 | K86: 441770 | L86: 白骨的梦 | M86: 111
A87: 45502.934 | B87: 20240729222434999317151 | C87: 1分 | D87: 队员 | E87: twocat | F87: catman | G87: 骑兵 | I87: 步兵 | J87: 1283169877 | K87: 3346121 | L87: maomaoren | M87: 只想打比赛
A88: 45503.015 | B88: 20240730002053343665382 | C88: 5分14秒 | D88: 队员 | E88: Maverick | F88: Maverick | G88: 骑兵 | H88: 射手 | I88: 步兵 | J88: 2025942511 | K88: 3285438 | L88: Joker大魔王 | M88: 十年pw难凉热血
A89: 45503.479 | B89: 20240730112939752210618 | C89: 1分13秒 | D89: 队员 | E89: Luvv | F89: 05 | G89: 骑兵 | H89: 射手 | I89: 步兵 | J89: ？没有吗你.大号被封了.小号在群里 | K89: 2760196/2923288 | L89: Vai_manmiao_0w0 | M89: 呵呵
A90: 45503.491 | B90: 20240730114712162213333 | C90: 44秒 | D90: 队员 | E90: 威廉 | F90: Oasis | G90: 骑兵 | J90: 2382468326 | K90: 3612750 | L90: 大师的风格 | M90: 无
A91: 45503.54 | B91: 20240730125752739290905 | C91: 3分23秒 | D91: 队员 | E91: 卡皇 | F91: 卡皇 | G91: 骑兵 | H91: 射手 | I91: 步兵 | J91: 2546614802 | K91: 3637648 | L91: 心冷 | M91: 我是小山楂的爹
A92: 45504.54 | D92: 队员 | E92: 白露 | F92: FELIX | I92: 步兵 | J92: 2086440079 | K92: 2106531 | L92: 白露丶
A93: 45504.54 | D93: 队员 | E93: wind | F93: wind | G93: 骑兵 | I93: 步兵 | J93: 3280429099 | K93: 4278417 | L93: wind | M93: 四届联赛，一届梦幻联赛
A94: 45504.576 | B94: 20240731134947776175035 | C94: 7分43秒 | D94: 队员 | E94: 波澜 | F94: Bolan | H94: 射手 | I94: 步兵 | J94: 3090674563 | K94: 4094831 | L94: 一个人的独行 | M94: 6年骑砍联赛老菜鸟
A95: 45504.615 | B95: 20240731144503702175477 | C95: 4分11秒 | D95: 队员 | E95: YQS-Laozhongzhu | F95: YQS-Laozhongzhu | I95: 步兵 | J95: 1017541891@qq.com | K95: 不懂 | L95: 不记得 | M95: 1500小时联机时长
A96: 45504.663 | B96: 20240731155401399968693 | C96: 1分12秒 | D96: 队员 | E96: TNT | F96: 2CiYuan | H96: 射手 | J96: 2831215360 | K96: 1973574 | L96: Super_TNT | M96: 第一届梦幻联赛冠军
A97: 45504.677 | B97: 20240731161442390397415 | C97: 1分20秒 | D97: 队员 | E97: 天将 | F97: GeBuLin | G97: 骑兵 | I97: 步兵 | J97: 1172160080 | K97: 4087139 | L97: TCXJ | M97: 没有经历
A98: 45505.751 | B98: 20240801180043969403876 | C98: 1分10秒 | D98: 队员 | E98: Rapier | F98: Rapier | I98: 步兵 | J98: qq2364427028 | K98: 4583656 | L98: Swiss_Raper
A99: 45506.618 | B99: 20240802145028338668866 | C99: 1分34秒 | D99: 队员 | E99: 鸡头 | F99: GMM | G99: 骑兵 | I99: 步兵 | J99: 729396351 | K99: 1274164 | L99: zjyhhh
A100: 45506.88 | B100: 20240802210648841236831 | C100: 1分11秒 | D100: 队员 | E100: 888 | F100: Doraemon | G100: 骑兵 | H100: 射手 | I100: 步兵 | J100: 631748516 | K100: 4558825 | L100: hdfasoi
...
